"state","allocation_week","first_dose","second_dose","running_total"
"AL",2021-04-05,66690,66690,66690
"AL",2021-03-29,80730,80730,147420
"AL",2021-03-22,66690,66690,214110
"AL",2021-03-15,65520,65520,279630
"AL",2021-03-08,60840,60840,340470
"AL",2021-03-01,54990,54990,395460
"AL",2021-02-22,47970,47970,443430
"AL",2021-02-15,30225,30225,473655
"AL",2021-02-08,30225,30225,503880
"AL",2021-02-01,30225,30225,534105
"AL",2021-01-25,30225,30225,564330
"AL",2021-01-18,30225,30225,594555
"AL",2021-01-11,29250,29250,623805
"AL",2021-01-04,29250,29250,653055
"AL",2020-12-28,38025,38025,691080
"AL",2020-12-21,29250,29250,720330
"AL",2020-12-14,40950,40950,761280
"AK",2021-04-05,0,0,0
"AK",2021-03-29,91260,79560,79560
"AK",2021-03-22,0,0,79560
"AK",2021-03-15,0,0,79560
"AK",2021-03-08,0,0,79560
"AK",2021-03-01,53820,53820,133380
"AK",2021-02-22,0,0,133380
"AK",2021-02-15,0,0,133380
"AK",2021-02-08,0,0,133380
"AK",2021-02-01,27300,27300,160680
"AK",2021-01-25,0,0,160680
"AK",2021-01-18,0,0,160680
"AK",2021-01-11,0,0,160680
"AK",2021-01-04,27300,27300,187980
"AK",2020-12-28,0,0,187980
"AK",2020-12-21,0,0,187980
"AK",2020-12-14,35100,35100,223080
"AZ",2021-04-05,93600,93600,93600
"AZ",2021-03-29,114660,114660,208260
"AZ",2021-03-22,93600,93600,301860
"AZ",2021-03-15,92430,92430,394290
"AZ",2021-03-08,85410,85410,479700
"AZ",2021-03-01,78390,78390,558090
"AZ",2021-02-22,69030,69030,627120
"AZ",2021-02-15,42900,42900,670020
"AZ",2021-02-08,42900,42900,712920
"AZ",2021-02-01,42900,42900,755820
"AZ",2021-01-25,42900,42900,798720
"AZ",2021-01-18,42900,42900,841620
"AZ",2021-01-11,41925,41925,883545
"AZ",2021-01-04,41925,41925,925470
"AZ",2020-12-28,53625,53625,979095
"AZ",2020-12-21,41925,41925,1021020
"AZ",2020-12-14,58500,58500,1079520
"AR",2021-04-05,39780,39780,39780
"AR",2021-03-29,49140,49140,88920
"AR",2021-03-22,39780,39780,128700
"AR",2021-03-15,39780,39780,168480
"AR",2021-03-08,37440,37440,205920
"AR",2021-03-01,33930,33930,239850
"AR",2021-02-22,29250,29250,269100
"AR",2021-02-15,18525,18525,287625
"AR",2021-02-08,18525,18525,306150
"AR",2021-02-01,18525,18525,324675
"AR",2021-01-25,18525,18525,343200
"AR",2021-01-18,18525,18525,361725
"AR",2021-01-11,18525,18525,380250
"AR",2021-01-04,18525,18525,398775
"AR",2020-12-28,23400,23400,422175
"AR",2020-12-21,18525,18525,440700
"AR",2020-12-14,25350,25350,466050
"CA",2021-04-05,524160,524160,524160
"CA",2021-03-29,644670,644670,1168830
"CA",2021-03-22,524160,524160,1692990
"CA",2021-03-15,515970,515970,2208960
"CA",2021-03-08,479700,479700,2688660
"CA",2021-03-01,438750,438750,3127410
"CA",2021-02-22,382590,382590,3510000
"CA",2021-02-15,241800,241800,3751800
"CA",2021-02-08,241800,241800,3993600
"CA",2021-02-01,240825,240825,4234425
"CA",2021-01-25,241800,241800,4476225
"CA",2021-01-18,241800,241800,4718025
"CA",2021-01-11,233025,233025,4951050
"CA",2021-01-04,232050,232050,5183100
"CA",2020-12-28,297375,297375,5480475
"CA",2020-12-21,233025,233025,5713500
"CA",2020-12-14,327600,327600,6041100
"CO",2021-04-05,74880,74880,74880
"CO",2021-03-29,92430,92430,167310
"CO",2021-03-22,74880,74880,242190
"CO",2021-03-15,73710,73710,315900
"CO",2021-03-08,69030,69030,384930
"CO",2021-03-01,63180,63180,448110
"CO",2021-02-22,54990,54990,503100
"CO",2021-02-15,35100,35100,538200
"CO",2021-02-08,35100,35100,573300
"CO",2021-02-01,34125,34125,607425
"CO",2021-01-25,35100,35100,642525
"CO",2021-01-18,35100,35100,677625
"CO",2021-01-11,33150,33150,710775
"CO",2021-01-04,33150,33150,743925
"CO",2020-12-28,42900,42900,786825
"CO",2020-12-21,33150,33150,819975
"CO",2020-12-14,46800,46800,866775
"CT",2021-04-05,50310,50310,50310
"CT",2021-03-29,60840,60840,111150
"CT",2021-03-22,50310,50310,161460
"CT",2021-03-15,49140,49140,210600
"CT",2021-03-08,45630,45630,256230
"CT",2021-03-01,42120,42120,298350
"CT",2021-02-22,36270,36270,334620
"CT",2021-02-15,23400,23400,358020
"CT",2021-02-08,23400,23400,381420
"CT",2021-02-01,23400,23400,404820
"CT",2021-01-25,23400,23400,428220
"CT",2021-01-18,23400,23400,451620
"CT",2021-01-11,22425,22425,474045
"CT",2021-01-04,22425,22425,496470
"CT",2020-12-28,28275,28275,524745
"CT",2020-12-21,22425,22425,547170
"CT",2020-12-14,31200,31200,578370
"DE",2021-04-05,14040,14040,14040
"DE",2021-03-29,16380,16380,30420
"DE",2021-03-22,14040,14040,44460
"DE",2021-03-15,12870,12870,57330
"DE",2021-03-08,12870,12870,70200
"DE",2021-03-01,11700,11700,81900
"DE",2021-02-22,10530,10530,92430
"DE",2021-02-15,6825,6825,99255
"DE",2021-02-08,6825,6825,106080
"DE",2021-02-01,6825,6825,112905
"DE",2021-01-25,6825,6825,119730
"DE",2021-01-18,6825,6825,126555
"DE",2021-01-11,5850,5850,132405
"DE",2021-01-04,5850,5850,138255
"DE",2020-12-28,7800,7800,146055
"DE",2020-12-21,5850,5850,151905
"DE",2020-12-14,8775,8775,160680
"DC",2021-04-05,10530,10530,10530
"DC",2021-03-29,12870,12870,23400
"DC",2021-03-22,10530,10530,33930
"DC",2021-03-15,10530,10530,44460
"DC",2021-03-08,9360,9360,53820
"DC",2021-03-01,9360,9360,63180
"DC",2021-02-22,8190,8190,71370
"DC",2021-02-15,4875,4875,76245
"DC",2021-02-08,4875,4875,81120
"DC",2021-02-01,4875,4875,85995
"DC",2021-01-25,4875,4875,90870
"DC",2021-01-18,4875,4875,95745
"DC",2021-01-11,4875,4875,100620
"DC",2021-01-04,4875,4875,105495
"DC",2020-12-28,5850,5850,111345
"DC",2020-12-21,4875,4875,116220
"DC",2020-12-14,6825,6825,123045
"FL",2021-04-05,286650,286650,286650
"FL",2021-03-29,352170,352170,638820
"FL",2021-03-22,286650,286650,925470
"FL",2021-03-15,281970,281970,1207440
"FL",2021-03-08,262080,262080,1469520
"FL",2021-03-01,239850,239850,1709370
"FL",2021-02-22,209430,209430,1918800
"FL",2021-02-15,132600,132600,2051400
"FL",2021-02-08,132600,132600,2184000
"FL",2021-02-01,131625,131625,2315625
"FL",2021-01-25,132600,132600,2448225
"FL",2021-01-18,132600,132600,2580825
"FL",2021-01-11,127725,127725,2708550
"FL",2021-01-04,126750,126750,2835300
"FL",2020-12-28,162825,162825,2998125
"FL",2020-12-21,127725,127725,3125850
"FL",2020-12-14,179400,179400,3305250
"GA",2021-04-05,136890,136890,136890
"GA",2021-03-29,167310,167310,304200
"GA",2021-03-22,136890,136890,441090
"GA",2021-03-15,134550,134550,575640
"GA",2021-03-08,125190,125190,700830
"GA",2021-03-01,114660,114660,815490
"GA",2021-02-22,99450,99450,914940
"GA",2021-02-15,63375,63375,978315
"GA",2021-02-08,63375,63375,1041690
"GA",2021-02-01,62400,62400,1104090
"GA",2021-01-25,63375,63375,1167465
"GA",2021-01-18,63375,63375,1230840
"GA",2021-01-11,60450,60450,1291290
"GA",2021-01-04,60450,60450,1351740
"GA",2020-12-28,77025,77025,1428765
"GA",2020-12-21,60450,60450,1489215
"GA",2020-12-14,84825,84825,1574040
"HI",2021-04-05,19890,19890,19890
"HI",2021-03-29,24570,24570,44460
"HI",2021-03-22,19890,19890,64350
"HI",2021-03-15,19890,19890,84240
"HI",2021-03-08,18720,18720,102960
"HI",2021-03-01,16380,16380,119340
"HI",2021-02-22,15210,15210,134550
"HI",2021-02-15,9750,9750,144300
"HI",2021-02-08,9750,9750,154050
"HI",2021-02-01,9750,9750,163800
"HI",2021-01-25,9750,9750,173550
"HI",2021-01-18,9750,9750,183300
"HI",2021-01-11,8775,8775,192075
"HI",2021-01-04,8775,8775,200850
"HI",2020-12-28,11700,11700,212550
"HI",2020-12-21,8775,8775,221325
"HI",2020-12-14,12675,12675,234000
"ID",2021-04-05,22230,22230,22230
"ID",2021-03-29,26910,26910,49140
"ID",2021-03-22,22230,22230,71370
"ID",2021-03-15,22230,22230,93600
"ID",2021-03-08,19890,19890,113490
"ID",2021-03-01,18720,18720,132210
"ID",2021-02-22,16380,16380,148590
"ID",2021-02-15,10725,10725,159315
"ID",2021-02-08,10725,10725,170040
"ID",2021-02-01,10725,10725,180765
"ID",2021-01-25,10725,10725,191490
"ID",2021-01-18,10725,10725,202215
"ID",2021-01-11,9750,9750,211965
"ID",2021-01-04,9750,9750,221715
"ID",2020-12-28,12675,12675,234390
"ID",2020-12-21,9750,9750,244140
"ID",2020-12-14,13650,13650,257790
"IL",2021-04-05,136890,136890,136890
"IL",2021-03-29,136890,136890,273780
"IL",2021-03-22,136890,136890,410670
"IL",2021-03-15,136890,136890,547560
"IL",2021-03-08,136890,136890,684450
"IL",2021-03-01,136890,136890,821340
"IL",2021-02-22,136890,136890,958230
"IL",2021-02-15,136890,136890,1095120
"IL",2021-02-08,136890,136890,1232010
"IL",2021-02-01,136890,136890,1368900
"IL",2021-01-25,136890,136890,1505790
"IL",2021-01-18,136890,136890,1642680
"IL",2021-01-11,136890,136890,1779570
"IL",2021-01-04,136890,136890,1916460
"IL",2020-12-28,136890,136890,2053350
"IL",2020-12-21,136890,136890,2190240
"IL",2020-12-14,136890,136890,2327130
"IN",2021-04-05,88920,88920,88920
"IN",2021-03-29,108810,108810,197730
"IN",2021-03-22,88920,88920,286650
"IN",2021-03-15,87750,87750,374400
"IN",2021-03-08,80730,80730,455130
"IN",2021-03-01,74880,74880,530010
"IN",2021-02-22,64350,64350,594360
"IN",2021-02-15,40950,40950,635310
"IN",2021-02-08,40950,40950,676260
"IN",2021-02-01,40950,40950,717210
"IN",2021-01-25,40950,40950,758160
"IN",2021-01-18,40950,40950,799110
"IN",2021-01-11,39975,39975,839085
"IN",2021-01-04,39000,39000,878085
"IN",2020-12-28,50700,50700,928785
"IN",2020-12-21,39975,39975,968760
"IN",2020-12-14,55575,55575,1024335
"IA",2021-04-05,42120,42120,42120
"IA",2021-03-29,51480,51480,93600
"IA",2021-03-22,42120,42120,135720
"IA",2021-03-15,42120,42120,177840
"IA",2021-03-08,38610,38610,216450
"IA",2021-03-01,35100,35100,251550
"IA",2021-02-22,31590,31590,283140
"IA",2021-02-15,19500,19500,302640
"IA",2021-02-08,19500,19500,322140
"IA",2021-02-01,19500,19500,341640
"IA",2021-01-25,19500,19500,361140
"IA",2021-01-18,19500,19500,380640
"IA",2021-01-11,19500,19500,400140
"IA",2021-01-04,18525,18525,418665
"IA",2020-12-28,24375,24375,443040
"IA",2020-12-21,19500,19500,462540
"IA",2020-12-14,26325,26325,488865
"KS",2021-04-05,38610,38610,38610
"KS",2021-03-29,47970,47970,86580
"KS",2021-03-22,38610,38610,125190
"KS",2021-03-15,38610,38610,163800
"KS",2021-03-08,35100,35100,198900
"KS",2021-03-01,32760,32760,231660
"KS",2021-02-22,28080,28080,259740
"KS",2021-02-15,18525,18525,278265
"KS",2021-02-08,18525,18525,296790
"KS",2021-02-01,17550,17550,314340
"KS",2021-01-25,18525,18525,332865
"KS",2021-01-18,18525,18525,351390
"KS",2021-01-11,17550,17550,368940
"KS",2021-01-04,17550,17550,386490
"KS",2020-12-28,22425,22425,408915
"KS",2020-12-21,17550,17550,426465
"KS",2020-12-14,24375,24375,450840
"KY",2021-04-05,60840,60840,60840
"KY",2021-03-29,73710,73710,134550
"KY",2021-03-22,60840,60840,195390
"KY",2021-03-15,59670,59670,255060
"KY",2021-03-08,54990,54990,310050
"KY",2021-03-01,50310,50310,360360
"KY",2021-02-22,44460,44460,404820
"KY",2021-02-15,28275,28275,433095
"KY",2021-02-08,28275,28275,461370
"KY",2021-02-01,28275,28275,489645
"KY",2021-01-25,28275,28275,517920
"KY",2021-01-18,28275,28275,546195
"KY",2021-01-11,27300,27300,573495
"KY",2021-01-04,27300,27300,600795
"KY",2020-12-28,34125,34125,634920
"KY",2020-12-21,27300,27300,662220
"KY",2020-12-14,38025,38025,700245
"LA",2021-04-05,62010,62010,62010
"LA",2021-03-29,77220,77220,139230
"LA",2021-03-22,62010,62010,201240
"LA",2021-03-15,62010,62010,263250
"LA",2021-03-08,57330,57330,320580
"LA",2021-03-01,52650,52650,373230
"LA",2021-02-22,45630,45630,418860
"LA",2021-02-15,29250,29250,448110
"LA",2021-02-08,29250,29250,477360
"LA",2021-02-01,29250,29250,506610
"LA",2021-01-25,29250,29250,535860
"LA",2021-01-18,29250,29250,565110
"LA",2021-01-11,28275,28275,593385
"LA",2021-01-04,28275,28275,621660
"LA",2020-12-28,36075,36075,657735
"LA",2020-12-21,28275,28275,686010
"LA",2020-12-14,39000,39000,725010
"ME",2021-04-05,19890,19890,19890
"ME",2021-03-29,23400,23400,43290
"ME",2021-03-22,19890,19890,63180
"ME",2021-03-15,18720,18720,81900
"ME",2021-03-08,17550,17550,99450
"ME",2021-03-01,16380,16380,115830
"ME",2021-02-22,14040,14040,129870
"ME",2021-02-15,8775,8775,138645
"ME",2021-02-08,8775,8775,147420
"ME",2021-02-01,8775,8775,156195
"ME",2021-01-25,8775,8775,164970
"ME",2021-01-18,8775,8775,173745
"ME",2021-01-11,8775,8775,182520
"ME",2021-01-04,8775,8775,191295
"ME",2020-12-28,10725,10725,202020
"ME",2020-12-21,8775,8775,210795
"ME",2020-12-14,12675,12675,223470
"MD",2021-04-05,81900,81900,81900
"MD",2021-03-29,100620,100620,182520
"MD",2021-03-22,81900,81900,264420
"MD",2021-03-15,80730,80730,345150
"MD",2021-03-08,74880,74880,420030
"MD",2021-03-01,69030,69030,489060
"MD",2021-02-22,59670,59670,548730
"MD",2021-02-15,38025,38025,586755
"MD",2021-02-08,38025,38025,624780
"MD",2021-02-01,38025,38025,662805
"MD",2021-01-25,38025,38025,700830
"MD",2021-01-18,38025,38025,738855
"MD",2021-01-11,36075,36075,774930
"MD",2021-01-04,36075,36075,811005
"MD",2020-12-28,46800,46800,857805
"MD",2020-12-21,36075,36075,893880
"MD",2020-12-14,50700,50700,944580
"MA",2021-04-05,95940,95940,95940
"MA",2021-03-29,117000,117000,212940
"MA",2021-03-22,95940,95940,308880
"MA",2021-03-15,93600,93600,402480
"MA",2021-03-08,87750,87750,490230
"MA",2021-03-01,79560,79560,569790
"MA",2021-02-22,70200,70200,639990
"MA",2021-02-15,43875,43875,683865
"MA",2021-02-08,43875,43875,727740
"MA",2021-02-01,43875,43875,771615
"MA",2021-01-25,43875,43875,815490
"MA",2021-01-18,43875,43875,859365
"MA",2021-01-11,42900,42900,902265
"MA",2021-01-04,42900,42900,945165
"MA",2020-12-28,54600,54600,999765
"MA",2020-12-21,42900,42900,1042665
"MA",2020-12-14,59475,59475,1102140
"MI",2021-04-05,135720,135720,135720
"MI",2021-03-29,166140,166140,301860
"MI",2021-03-22,135720,135720,437580
"MI",2021-03-15,133380,133380,570960
"MI",2021-03-08,124020,124020,694980
"MI",2021-03-01,113490,113490,808470
"MI",2021-02-22,99450,99450,907920
"MI",2021-02-15,62400,62400,970320
"MI",2021-02-08,62400,62400,1032720
"MI",2021-02-01,62400,62400,1095120
"MI",2021-01-25,62400,62400,1157520
"MI",2021-01-18,62400,62400,1219920
"MI",2021-01-11,60450,60450,1280370
"MI",2021-01-04,60450,60450,1340820
"MI",2020-12-28,77025,77025,1417845
"MI",2020-12-21,60450,60450,1478295
"MI",2020-12-14,84825,84825,1563120
"MN",2021-04-05,74880,74880,74880
"MN",2021-03-29,91260,91260,166140
"MN",2021-03-22,74880,74880,241020
"MN",2021-03-15,73710,73710,314730
"MN",2021-03-08,67860,67860,382590
"MN",2021-03-01,62010,62010,444600
"MN",2021-02-22,54990,54990,499590
"MN",2021-02-15,34125,34125,533715
"MN",2021-02-08,34125,34125,567840
"MN",2021-02-01,34125,34125,601965
"MN",2021-01-25,34125,34125,636090
"MN",2021-01-18,34125,34125,670215
"MN",2021-01-11,33150,33150,703365
"MN",2021-01-04,33150,33150,736515
"MN",2020-12-28,42900,42900,779415
"MN",2020-12-21,33150,33150,812565
"MN",2020-12-14,46800,46800,859365
"MS",2021-04-05,39780,39780,39780
"MS",2021-03-29,49140,49140,88920
"MS",2021-03-22,39780,39780,128700
"MS",2021-03-15,39780,39780,168480
"MS",2021-03-08,36270,36270,204750
"MS",2021-03-01,33930,33930,238680
"MS",2021-02-22,29250,29250,267930
"MS",2021-02-15,18525,18525,286455
"MS",2021-02-08,18525,18525,304980
"MS",2021-02-01,18525,18525,323505
"MS",2021-01-25,18525,18525,342030
"MS",2021-01-18,18525,18525,360555
"MS",2021-01-11,17550,17550,378105
"MS",2021-01-04,17550,17550,395655
"MS",2020-12-28,22425,22425,418080
"MS",2020-12-21,17550,17550,435630
"MS",2020-12-14,25350,25350,460980
"MO",2021-04-05,83070,83070,83070
"MO",2021-03-29,101790,101790,184860
"MO",2021-03-22,83070,83070,267930
"MO",2021-03-15,80730,80730,348660
"MO",2021-03-08,76050,76050,424710
"MO",2021-03-01,69030,69030,493740
"MO",2021-02-22,60840,60840,554580
"MO",2021-02-15,38025,38025,592605
"MO",2021-02-08,38025,38025,630630
"MO",2021-02-01,38025,38025,668655
"MO",2021-01-25,38025,38025,706680
"MO",2021-01-18,38025,38025,744705
"MO",2021-01-11,37050,37050,781755
"MO",2021-01-04,37050,37050,818805
"MO",2020-12-28,46800,46800,865605
"MO",2020-12-21,37050,37050,902655
"MO",2020-12-14,51675,51675,954330
"MT",2021-04-05,15210,15210,15210
"MT",2021-03-29,17550,17550,32760
"MT",2021-03-22,15210,15210,47970
"MT",2021-03-15,14040,14040,62010
"MT",2021-03-08,14040,14040,76050
"MT",2021-03-01,12870,12870,88920
"MT",2021-02-22,10530,10530,99450
"MT",2021-02-15,6825,6825,106275
"MT",2021-02-08,6825,6825,113100
"MT",2021-02-01,6825,6825,119925
"MT",2021-01-25,6825,6825,126750
"MT",2021-01-18,6825,6825,133575
"MT",2021-01-11,6825,6825,140400
"MT",2021-01-04,6825,6825,147225
"MT",2020-12-28,8775,8775,156000
"MT",2020-12-21,6825,6825,162825
"MT",2020-12-14,9750,9750,172575
"NE",2021-04-05,25740,25740,25740
"NE",2021-03-29,31590,31590,57330
"NE",2021-03-22,25740,25740,83070
"NE",2021-03-15,25740,25740,108810
"NE",2021-03-08,23400,23400,132210
"NE",2021-03-01,22230,22230,154440
"NE",2021-02-22,18720,18720,173160
"NE",2021-02-15,11700,11700,184860
"NE",2021-02-08,11700,11700,196560
"NE",2021-02-01,11700,11700,208260
"NE",2021-01-25,11700,11700,219960
"NE",2021-01-18,11700,11700,231660
"NE",2021-01-11,11700,11700,243360
"NE",2021-01-04,11700,11700,255060
"NE",2020-12-28,14625,14625,269685
"NE",2020-12-21,11700,11700,281385
"NE",2020-12-14,16575,16575,297960
"NV",2021-04-05,39780,39780,39780
"NV",2021-03-29,49140,49140,88920
"NV",2021-03-22,39780,39780,128700
"NV",2021-03-15,38610,38610,167310
"NV",2021-03-08,36270,36270,203580
"NV",2021-03-01,33930,33930,237510
"NV",2021-02-22,29250,29250,266760
"NV",2021-02-15,18525,18525,285285
"NV",2021-02-08,18525,18525,303810
"NV",2021-02-01,18525,18525,322335
"NV",2021-01-25,18525,18525,340860
"NV",2021-01-18,18525,18525,359385
"NV",2021-01-11,17550,17550,376935
"NV",2021-01-04,17550,17550,394485
"NV",2020-12-28,22425,22425,416910
"NV",2020-12-21,17550,17550,434460
"NV",2020-12-14,25350,25350,459810
"NH",2021-04-05,19890,19890,19890
"NH",2021-03-29,23400,23400,43290
"NH",2021-03-22,19890,19890,63180
"NH",2021-03-15,18720,18720,81900
"NH",2021-03-08,17550,17550,99450
"NH",2021-03-01,16380,16380,115830
"NH",2021-02-22,14040,14040,129870
"NH",2021-02-15,8775,8775,138645
"NH",2021-02-08,8775,8775,147420
"NH",2021-02-01,8775,8775,156195
"NH",2021-01-25,8775,8775,164970
"NH",2021-01-18,8775,8775,173745
"NH",2021-01-11,8775,8775,182520
"NH",2021-01-04,8775,8775,191295
"NH",2020-12-28,10725,10725,202020
"NH",2020-12-21,8775,8775,210795
"NH",2020-12-14,12675,12675,223470
"NJ",2021-04-05,120510,120510,120510
"NJ",2021-03-29,148590,148590,269100
"NJ",2021-03-22,120510,120510,389610
"NJ",2021-03-15,119340,119340,508950
"NJ",2021-03-08,111150,111150,620100
"NJ",2021-03-01,101790,101790,721890
"NJ",2021-02-22,88920,88920,810810
"NJ",2021-02-15,55575,55575,866385
"NJ",2021-02-08,55575,55575,921960
"NJ",2021-02-01,55575,55575,977535
"NJ",2021-01-25,55575,55575,1033110
"NJ",2021-01-18,55575,55575,1088685
"NJ",2021-01-11,53625,53625,1142310
"NJ",2021-01-04,53625,53625,1195935
"NJ",2020-12-28,68250,68250,1264185
"NJ",2020-12-21,53625,53625,1317810
"NJ",2020-12-14,76050,76050,1393860
"NM",2021-04-05,29250,29250,29250
"NM",2021-03-29,35100,35100,64350
"NM",2021-03-22,29250,29250,93600
"NM",2021-03-15,28080,28080,121680
"NM",2021-03-08,25740,25740,147420
"NM",2021-03-01,24570,24570,171990
"NM",2021-02-22,21060,21060,193050
"NM",2021-02-15,13650,13650,206700
"NM",2021-02-08,13650,13650,220350
"NM",2021-02-01,13650,13650,234000
"NM",2021-01-25,13650,13650,247650
"NM",2021-01-18,13650,13650,261300
"NM",2021-01-11,12675,12675,273975
"NM",2021-01-04,12675,12675,286650
"NM",2020-12-28,16575,16575,303225
"NM",2020-12-21,12675,12675,315900
"NM",2020-12-14,17550,17550,333450
"NY",2021-04-05,153270,153270,153270
"NY",2021-03-29,188370,188370,341640
"NY",2021-03-22,153270,153270,494910
"NY",2021-03-15,150930,150930,645840
"NY",2021-03-08,140400,140400,786240
"NY",2021-03-01,128700,128700,914940
"NY",2021-02-22,112320,112320,1027260
"NY",2021-02-15,71175,71175,1098435
"NY",2021-02-08,71175,71175,1169610
"NY",2021-02-01,70200,70200,1239810
"NY",2021-01-25,71175,71175,1310985
"NY",2021-01-18,71175,71175,1382160
"NY",2021-01-11,68250,68250,1450410
"NY",2021-01-04,68250,68250,1518660
"NY",2020-12-28,87750,87750,1606410
"NY",2020-12-21,68250,68250,1674660
"NY",2020-12-14,96525,96525,1771185
"NC",2021-04-05,138060,138060,138060
"NC",2021-03-29,168480,168480,306540
"NC",2021-03-22,138060,138060,444600
"NC",2021-03-15,135720,135720,580320
"NC",2021-03-08,126360,126360,706680
"NC",2021-03-01,115830,115830,822510
"NC",2021-02-22,100620,100620,923130
"NC",2021-02-15,63375,63375,986505
"NC",2021-02-08,63375,63375,1049880
"NC",2021-02-01,63375,63375,1113255
"NC",2021-01-25,63375,63375,1176630
"NC",2021-01-18,63375,63375,1240005
"NC",2021-01-11,61425,61425,1301430
"NC",2021-01-04,61425,61425,1362855
"NC",2020-12-28,78000,78000,1440855
"NC",2020-12-21,61425,61425,1502280
"NC",2020-12-14,85800,85800,1588080
"ND",2021-04-05,10530,10530,10530
"ND",2021-03-29,12870,12870,23400
"ND",2021-03-22,10530,10530,33930
"ND",2021-03-15,10530,10530,44460
"ND",2021-03-08,10530,10530,54990
"ND",2021-03-01,9360,9360,64350
"ND",2021-02-22,8190,8190,72540
"ND",2021-02-15,4875,4875,77415
"ND",2021-02-08,4875,4875,82290
"ND",2021-02-01,4875,4875,87165
"ND",2021-01-25,4875,4875,92040
"ND",2021-01-18,4875,4875,96915
"ND",2021-01-11,4875,4875,101790
"ND",2021-01-04,4875,4875,106665
"ND",2020-12-28,5850,5850,112515
"ND",2020-12-21,4875,4875,117390
"ND",2020-12-14,6825,6825,124215
"OH",2021-04-05,157950,157950,157950
"OH",2021-03-29,194220,194220,352170
"OH",2021-03-22,157950,157950,510120
"OH",2021-03-15,155610,155610,665730
"OH",2021-03-08,143910,143910,809640
"OH",2021-03-01,132210,132210,941850
"OH",2021-02-22,115830,115830,1057680
"OH",2021-02-15,73125,73125,1130805
"OH",2021-02-08,73125,73125,1203930
"OH",2021-02-01,72150,72150,1276080
"OH",2021-01-25,73125,73125,1349205
"OH",2021-01-18,73125,73125,1422330
"OH",2021-01-11,70200,70200,1492530
"OH",2021-01-04,70200,70200,1562730
"OH",2020-12-28,89700,89700,1652430
"OH",2020-12-21,70200,70200,1722630
"OH",2020-12-14,98475,98475,1821105
"OK",2021-04-05,52650,52650,52650
"OK",2021-03-29,64350,64350,117000
"OK",2021-03-22,52650,52650,169650
"OK",2021-03-15,51480,51480,221130
"OK",2021-03-08,47970,47970,269100
"OK",2021-03-01,43290,43290,312390
"OK",2021-02-22,38610,38610,351000
"OK",2021-02-15,24375,24375,375375
"OK",2021-02-08,24375,24375,399750
"OK",2021-02-01,24375,24375,424125
"OK",2021-01-25,24375,24375,448500
"OK",2021-01-18,24375,24375,472875
"OK",2021-01-11,23400,23400,496275
"OK",2021-01-04,23400,23400,519675
"OK",2020-12-28,29250,29250,548925
"OK",2020-12-21,23400,23400,572325
"OK",2020-12-14,33150,33150,605475
"OR",2021-04-05,57330,57330,57330
"OR",2021-03-29,70200,70200,127530
"OR",2021-03-22,57330,57330,184860
"OR",2021-03-15,56160,56160,241020
"OR",2021-03-08,51480,51480,292500
"OR",2021-03-01,47970,47970,340470
"OR",2021-02-22,42120,42120,382590
"OR",2021-02-15,26325,26325,408915
"OR",2021-02-08,26325,26325,435240
"OR",2021-02-01,26325,26325,461565
"OR",2021-01-25,26325,26325,487890
"OR",2021-01-18,26325,26325,514215
"OR",2021-01-11,25350,25350,539565
"OR",2021-01-04,25350,25350,564915
"OR",2020-12-28,32175,32175,597090
"OR",2020-12-21,25350,25350,622440
"OR",2020-12-14,35100,35100,657540
"PA",2021-04-05,155610,155610,155610
"PA",2021-03-29,190710,190710,346320
"PA",2021-03-22,155610,155610,501930
"PA",2021-03-15,153270,153270,655200
"PA",2021-03-08,141570,141570,796770
"PA",2021-03-01,129870,129870,926640
"PA",2021-02-22,113490,113490,1040130
"PA",2021-02-15,71175,71175,1111305
"PA",2021-02-08,71175,71175,1182480
"PA",2021-02-01,71175,71175,1253655
"PA",2021-01-25,71175,71175,1324830
"PA",2021-01-18,71175,71175,1396005
"PA",2021-01-11,69225,69225,1465230
"PA",2021-01-04,69225,69225,1534455
"PA",2020-12-28,88725,88725,1623180
"PA",2020-12-21,69225,69225,1692405
"PA",2020-12-14,97500,97500,1789905
"RI",2021-04-05,15210,15210,15210
"RI",2021-03-29,18720,18720,33930
"RI",2021-03-22,15210,15210,49140
"RI",2021-03-15,15210,15210,64350
"RI",2021-03-08,14040,14040,78390
"RI",2021-03-01,12870,12870,91260
"RI",2021-02-22,11700,11700,102960
"RI",2021-02-15,6825,6825,109785
"RI",2021-02-08,6825,6825,116610
"RI",2021-02-01,6825,6825,123435
"RI",2021-01-25,6825,6825,130260
"RI",2021-01-18,6825,6825,137085
"RI",2021-01-11,6825,6825,143910
"RI",2021-01-04,6825,6825,150735
"RI",2020-12-28,8775,8775,159510
"RI",2020-12-21,6825,6825,166335
"RI",2020-12-14,9750,9750,176085
"SC",2021-04-05,67860,67860,67860
"SC",2021-03-29,83070,83070,150930
"SC",2021-03-22,67860,67860,218790
"SC",2021-03-15,66690,66690,285480
"SC",2021-03-08,62010,62010,347490
"SC",2021-03-01,57330,57330,404820
"SC",2021-02-22,49140,49140,453960
"SC",2021-02-15,31200,31200,485160
"SC",2021-02-08,31200,31200,516360
"SC",2021-02-01,31200,31200,547560
"SC",2021-01-25,31200,31200,578760
"SC",2021-01-18,31200,31200,609960
"SC",2021-01-11,30225,30225,640185
"SC",2021-01-04,30225,30225,670410
"SC",2020-12-28,39000,39000,709410
"SC",2020-12-21,30225,30225,739635
"SC",2020-12-14,42900,42900,782535
"SD",2021-04-05,11700,11700,11700
"SD",2021-03-29,14040,14040,25740
"SD",2021-03-22,11700,11700,37440
"SD",2021-03-15,11700,11700,49140
"SD",2021-03-08,10530,10530,59670
"SD",2021-03-01,10530,10530,70200
"SD",2021-02-22,9360,9360,79560
"SD",2021-02-15,5850,5850,85410
"SD",2021-02-08,5850,5850,91260
"SD",2021-02-01,5850,5850,97110
"SD",2021-01-25,5850,5850,102960
"SD",2021-01-18,5850,5850,108810
"SD",2021-01-11,5850,5850,114660
"SD",2021-01-04,5850,5850,120510
"SD",2020-12-28,6825,6825,127335
"SD",2020-12-21,5850,5850,133185
"SD",2020-12-14,7800,7800,140985
"TN",2021-04-05,90090,90090,90090
"TN",2021-03-29,111150,111150,201240
"TN",2021-03-22,90090,90090,291330
"TN",2021-03-15,88920,88920,380250
"TN",2021-03-08,83070,83070,463320
"TN",2021-03-01,76050,76050,539370
"TN",2021-02-22,65520,65520,604890
"TN",2021-02-15,41925,41925,646815
"TN",2021-02-08,41925,41925,688740
"TN",2021-02-01,41925,41925,730665
"TN",2021-01-25,41925,41925,772590
"TN",2021-01-18,41925,41925,814515
"TN",2021-01-11,39975,39975,854490
"TN",2021-01-04,39975,39975,894465
"TN",2020-12-28,51675,51675,946140
"TN",2020-12-21,39975,39975,986115
"TN",2020-12-14,56550,56550,1042665
"TX",2021-04-05,359190,359190,359190
"TX",2021-03-29,441090,441090,800280
"TX",2021-03-22,359190,359190,1159470
"TX",2021-03-15,353340,353340,1512810
"TX",2021-03-08,328770,328770,1841580
"TX",2021-03-01,300690,300690,2142270
"TX",2021-02-22,262080,262080,2404350
"TX",2021-02-15,165750,165750,2570100
"TX",2021-02-08,165750,165750,2735850
"TX",2021-02-01,164775,164775,2900625
"TX",2021-01-25,165750,165750,3066375
"TX",2021-01-18,165750,165750,3232125
"TX",2021-01-11,159900,159900,3392025
"TX",2021-01-04,158925,158925,3550950
"TX",2020-12-28,203775,203775,3754725
"TX",2020-12-21,159900,159900,3914625
"TX",2020-12-14,224250,224250,4138875
"UT",2021-04-05,37440,37440,37440
"UT",2021-03-29,46800,46800,84240
"UT",2021-03-22,37440,37440,121680
"UT",2021-03-15,37440,37440,159120
"UT",2021-03-08,35100,35100,194220
"UT",2021-03-01,31590,31590,225810
"UT",2021-02-22,28080,28080,253890
"UT",2021-02-15,17550,17550,271440
"UT",2021-02-08,17550,17550,288990
"UT",2021-02-01,17550,17550,306540
"UT",2021-01-25,17550,17550,324090
"UT",2021-01-18,17550,17550,341640
"UT",2021-01-11,16575,16575,358215
"UT",2021-01-04,16575,16575,374790
"UT",2020-12-28,21450,21450,396240
"UT",2020-12-21,16575,16575,412815
"UT",2020-12-14,23400,23400,436215
"VT",2021-04-05,9360,9360,9360
"VT",2021-03-29,11700,11700,21060
"VT",2021-03-22,9360,9360,30420
"VT",2021-03-15,9360,9360,39780
"VT",2021-03-08,8190,8190,47970
"VT",2021-03-01,8190,8190,56160
"VT",2021-02-22,7020,7020,63180
"VT",2021-02-15,4875,4875,68055
"VT",2021-02-08,4875,4875,72930
"VT",2021-02-01,4875,4875,77805
"VT",2021-01-25,4875,4875,82680
"VT",2021-01-18,4875,4875,87555
"VT",2021-01-11,4875,4875,92430
"VT",2021-01-04,3900,3900,96330
"VT",2020-12-28,5850,5850,102180
"VT",2020-12-21,4875,4875,107055
"VT",2020-12-14,5850,5850,112905
"VA",2021-04-05,114660,114660,114660
"VA",2021-03-29,140400,140400,255060
"VA",2021-03-22,114660,114660,369720
"VA",2021-03-15,112320,112320,482040
"VA",2021-03-08,105300,105300,587340
"VA",2021-03-01,95940,95940,683280
"VA",2021-02-22,84240,84240,767520
"VA",2021-02-15,52650,52650,820170
"VA",2021-02-08,52650,52650,872820
"VA",2021-02-01,52650,52650,925470
"VA",2021-01-25,52650,52650,978120
"VA",2021-01-18,52650,52650,1030770
"VA",2021-01-11,50700,50700,1081470
"VA",2021-01-04,50700,50700,1132170
"VA",2020-12-28,65325,65325,1197495
"VA",2020-12-21,50700,50700,1248195
"VA",2020-12-14,72150,72150,1320345
"WA",2021-04-05,100620,100620,100620
"WA",2021-03-29,122850,122850,223470
"WA",2021-03-22,100620,100620,324090
"WA",2021-03-15,98280,98280,422370
"WA",2021-03-08,91260,91260,513630
"WA",2021-03-01,84240,84240,597870
"WA",2021-02-22,73710,73710,671580
"WA",2021-02-15,46800,46800,718380
"WA",2021-02-08,46800,46800,765180
"WA",2021-02-01,45825,45825,811005
"WA",2021-01-25,46800,46800,857805
"WA",2021-01-18,46800,46800,904605
"WA",2021-01-11,57525,57525,962130
"WA",2021-01-04,44850,44850,1006980
"WA",2020-12-28,57525,57525,1064505
"WA",2020-12-21,44850,44850,1109355
"WA",2020-12-14,62400,62400,1171755
"WV",2021-04-05,25740,25740,25740
"WV",2021-03-29,31590,31590,57330
"WV",2021-03-22,25740,25740,83070
"WV",2021-03-15,25740,25740,108810
"WV",2021-03-08,23400,23400,132210
"WV",2021-03-01,22230,22230,154440
"WV",2021-02-22,18720,18720,173160
"WV",2021-02-15,11700,11700,184860
"WV",2021-02-08,11700,11700,196560
"WV",2021-02-01,11700,11700,208260
"WV",2021-01-25,11700,11700,219960
"WV",2021-01-18,11700,11700,231660
"WV",2021-01-11,11700,11700,243360
"WV",2021-01-04,11700,11700,255060
"WV",2020-12-28,14625,14625,269685
"WV",2020-12-21,11700,11700,281385
"WV",2020-12-14,16575,16575,297960
"WI",2021-04-05,79560,79560,79560
"WI",2021-03-29,97110,97110,176670
"WI",2021-03-22,79560,79560,256230
"WI",2021-03-15,78390,78390,334620
"WI",2021-03-08,72540,72540,407160
"WI",2021-03-01,66690,66690,473850
"WI",2021-02-22,58500,58500,532350
"WI",2021-02-15,37050,37050,569400
"WI",2021-02-08,37050,37050,606450
"WI",2021-02-01,36075,36075,642525
"WI",2021-01-25,37050,37050,679575
"WI",2021-01-18,37050,37050,716625
"WI",2021-01-11,35100,35100,751725
"WI",2021-01-04,35100,35100,786825
"WI",2020-12-28,44850,44850,831675
"WI",2020-12-21,35100,35100,866775
"WI",2020-12-14,49725,49725,916500
"WY",2021-04-05,8190,8190,8190
"WY",2021-03-29,10530,10530,18720
"WY",2021-03-22,8190,8190,26910
"WY",2021-03-15,8190,8190,35100
"WY",2021-03-08,8190,8190,43290
"WY",2021-03-01,7020,7020,50310
"WY",2021-02-22,5850,5850,56160
"WY",2021-02-15,3900,3900,60060
"WY",2021-02-08,3900,3900,63960
"WY",2021-02-01,3900,3900,67860
"WY",2021-01-25,3900,3900,71760
"WY",2021-01-18,3900,3900,75660
"WY",2021-01-11,3900,3900,79560
"WY",2021-01-04,3900,3900,83460
"WY",2020-12-28,4875,4875,88335
"WY",2020-12-21,3900,3900,92235
"WY",2020-12-14,4875,4875,97110
