"","Date","Outcome","Pred_vs_Obs"
"1",2020-04-20,0.85923822672758,"Observed"
"2",2020-04-27,0.46867539639686,"Observed"
"3",2020-05-04,0.4882035379134,"Observed"
"4",2020-05-11,0.2148095566819,"Observed"
"5",2020-05-18,0.35150654729765,"Observed"
"6",2020-05-25,0.17575327364882,"Observed"
"7",2020-06-01,1.1326322079591,"Observed"
"8",2020-06-08,1.8747015855875,"Observed"
"9",2020-06-15,1.9723422931701,"Observed"
"10",2020-06-22,1.8551734440709,"Observed"
"11",2020-06-29,2.7534679538316,"Observed"
"12",2020-07-06,5.1944856433986,"Observed"
"13",2020-07-13,7.2839967856679,"Observed"
"14",2020-07-20,8.0065380217797,"Observed"
"15",2020-07-27,13.1619674,"Observed"
"16",2020-08-03,14.0407338,"Observed"
"17",2020-08-10,8.4556853,"Observed"
"18",2020-08-17,10.4280276,"Observed"
"19",2020-08-24,9.7835989,"Observed"
"20",2020-08-31,8.8462481,"Observed"
"21",2020-09-07,10.4475557,"Observed"
"22",2020-09-14,10.8381185,"Observed"
"23",2020-09-21,10.7990623,"Observed"
"24",2020-09-28,13.4939458,"Observed"
"25",2020-10-05,19.8405918,"Observed"
"26",2020-10-12,24.6835709,"Observed"
"27",2020-10-19,25.4842247,"Observed"
"28",2020-10-26,42.4932359,"Observed"
"29",2020-11-02,51.027033782708,"Observed"
"30",2020-11-09,62.80250311718,"Observed"
"31",2020-11-16,79.14755756652,"Observed"
"32",2020-11-23,52.608813245548,"Observed"
"33",2020-11-30,0,"Observed"
"34",2020-12-07,196.6288569,"Observed"
"35",2020-12-14,77.058046424251,"Observed"
"36",2020-12-21,46.691786366037,"Observed"
"37",2020-12-28,35.6193301,"Observed"
"38",2021-01-04,46.7308426,"Observed"
"39",2021-01-11,38.118932240278,"Observed"
"40",2021-01-18,31.733229964371,"Observed"
"41",2021-01-25,23.8243327,"Observed"
"42",2021-02-01,26.2067659,"Observed"
"43",2021-02-08,19.7429511,"Observed"
"44",2021-02-15,11.3849065,"Observed"
"45",2020-04-20,3.7089594387555,"Observed"
"46",2020-04-27,4.2625354743906,"Observed"
"47",2020-05-04,4.5830268634426,"Observed"
"48",2020-05-11,5.9844483010242,"Observed"
"49",2020-05-18,5.5765501695035,"Observed"
"50",2020-05-25,9.0786469844164,"Observed"
"51",2020-06-01,8.8921792671498,"Observed"
"52",2020-06-08,6.8293801448883,"Observed"
"53",2020-06-15,16.554837023573,"Observed"
"54",2020-06-22,12.181586342056,"Observed"
"55",2020-06-29,19.5849374,"Observed"
"56",2020-07-06,22.4431379,"Observed"
"57",2020-07-13,31.0789241,"Observed"
"58",2020-07-20,38.884346166246,"Observed"
"59",2020-07-27,39.0533325,"Observed"
"60",2020-08-03,30.2019431,"Observed"
"61",2020-08-10,30.1815482,"Observed"
"62",2020-08-17,17.4347316,"Observed"
"63",2020-08-24,22.4518786,"Observed"
"64",2020-08-31,27.235941,"Observed"
"65",2020-09-07,20.1472541,"Observed"
"66",2020-09-14,18.8973377,"Observed"
"67",2020-09-21,18.4166006,"Observed"
"68",2020-09-28,20.9863589,"Observed"
"69",2020-10-05,19.6082459,"Observed"
"70",2020-10-12,18.538970077613,"Observed"
"71",2020-10-19,21.5865518,"Observed"
"72",2020-10-26,34.4819599,"Observed"
"73",2020-11-02,27.868183057106,"Observed"
"74",2020-11-09,29.051087638516,"Observed"
"75",2020-11-16,41.885310991005,"Observed"
"76",2020-11-23,43.254683289681,"Observed"
"77",2020-11-30,44.999904580973,"Observed"
"78",2020-12-07,66.1523362584,"Observed"
"79",2020-12-14,74.758986833485,"Observed"
"80",2020-12-21,78.505822527311,"Observed"
"81",2020-12-28,67.192476493778,"Observed"
"82",2021-01-04,76.335221756004,"Observed"
"83",2021-01-11,87.124127334725,"Observed"
"84",2021-01-18,58.358568388274,"Observed"
"85",2021-01-25,55.305159518033,"Observed"
"86",2021-02-01,52.0099253,"Observed"
"87",2021-02-08,36.4340438,"Observed"
"88",2021-02-15,24.0426813,"Observed"
"89",2020-04-20,2.3574379629312,"Observed"
"90",2020-04-27,5.1835232317464,"Observed"
"91",2020-05-04,1.8793230347062,"Observed"
"92",2020-05-11,2.7314090454043,"Observed"
"93",2020-05-18,3.6639698460015,"Observed"
"94",2020-05-25,5.7563143833823,"Observed"
"95",2020-06-01,6.6936089951501,"Observed"
"96",2020-06-08,10.859362825229,"Observed"
"97",2020-06-15,15.058253333502,"Observed"
"98",2020-06-22,14.982512354774,"Observed"
"99",2020-06-29,19.7636616,"Observed"
"100",2020-07-06,18.9163094,"Observed"
"101",2020-07-13,22.1826391,"Observed"
"102",2020-07-20,23.6122501,"Observed"
"103",2020-07-27,26.1306377,"Observed"
"104",2020-08-03,24.3791275,"Observed"
"105",2020-08-10,25.7093285,"Observed"
"106",2020-08-17,14.433390258991,"Observed"
"107",2020-08-24,18.0689572,"Observed"
"108",2020-08-31,20.4974024,"Observed"
"109",2020-09-07,21.3163517,"Observed"
"110",2020-09-14,23.1956747,"Observed"
"111",2020-09-21,27.1578747,"Observed"
"112",2020-09-28,26.9117165,"Observed"
"113",2020-10-05,25.472637908701,"Observed"
"114",2020-10-12,28.6726943,"Observed"
"115",2020-10-19,28.9235863,"Observed"
"116",2020-10-26,33.7520736,"Observed"
"117",2020-11-02,32.724836621975,"Observed"
"118",2020-11-09,43.413782245065,"Observed"
"119",2020-11-16,54.604511852232,"Observed"
"120",2020-11-23,56.067259503931,"Observed"
"121",2020-11-30,52.871936963813,"Observed"
"122",2020-12-07,69.506549417107,"Observed"
"123",2020-12-14,71.078174725728,"Observed"
"124",2020-12-21,75.977669287241,"Observed"
"125",2020-12-28,63.53247971988,"Observed"
"126",2021-01-04,86.406255295951,"Observed"
"127",2021-01-11,102.07517027045,"Observed"
"128",2021-01-18,75.35280621273,"Observed"
"129",2021-01-25,58.888610961575,"Observed"
"130",2021-02-01,55.821101323062,"Observed"
"131",2021-02-08,51.5038655,"Observed"
"132",2021-02-15,28.4596728,"Observed"
"133",2020-04-20,2.6751182346324,"Observed"
"134",2020-04-27,3.2423296578229,"Observed"
"135",2020-05-04,4.3237604335254,"Observed"
"136",2020-05-11,4.8281664396153,"Observed"
"137",2020-05-18,5.4778099727505,"Observed"
"138",2020-05-25,4.6907795897075,"Observed"
"139",2020-06-01,6.9929906603046,"Observed"
"140",2020-06-08,14.826003774331,"Observed"
"141",2020-06-15,17.718978299531,"Observed"
"142",2020-06-22,35.094489474293,"Observed"
"143",2020-06-29,39.149364215856,"Observed"
"144",2020-07-06,52.81150510454,"Observed"
"145",2020-07-13,43.930426592646,"Observed"
"146",2020-07-20,41.9206532,"Observed"
"147",2020-07-27,36.5920061,"Observed"
"148",2020-08-03,30.7550277,"Observed"
"149",2020-08-10,15.7523837,"Observed"
"150",2020-08-17,12.7220223,"Observed"
"151",2020-08-24,8.6514462,"Observed"
"152",2020-08-31,6.7162543,"Observed"
"153",2020-09-07,8.1038615,"Observed"
"154",2020-09-14,5.4189299,"Observed"
"155",2020-09-21,12.8083797,"Observed"
"156",2020-09-28,4.4336699,"Observed"
"157",2020-10-05,6.9871027,"Observed"
"158",2020-10-12,9.7740930362943,"Observed"
"159",2020-10-19,11.408996550197,"Observed"
"160",2020-10-26,13.934951919215,"Observed"
"161",2020-11-02,18.009453353622,"Observed"
"162",2020-11-09,22.688456927623,"Observed"
"163",2020-11-16,33.783426392316,"Observed"
"164",2020-11-23,49.875351855083,"Observed"
"165",2020-11-30,48.071658782722,"Observed"
"166",2020-12-07,76.595131492856,"Observed"
"167",2020-12-14,106.15685625444,"Observed"
"168",2020-12-21,66.075224128491,"Observed"
"169",2020-12-28,99.754629048734,"Observed"
"170",2021-01-04,112.10570685544,"Observed"
"171",2021-01-11,129.53421010088,"Observed"
"172",2021-01-18,101.55047144396,"Observed"
"173",2021-01-25,95.397503237374,"Observed"
"174",2021-02-01,67.235161675569,"Observed"
"175",2021-02-08,40.711649,"Observed"
"176",2021-02-15,30.8551238,"Observed"
"177",2020-04-20,3.410156324104,"Observed"
"178",2020-04-27,4.0866196916187,"Observed"
"179",2020-05-04,3.9839389880515,"Observed"
"180",2020-05-11,4.7818837513358,"Observed"
"181",2020-05-18,4.5175894051823,"Observed"
"182",2020-05-25,5.3368657230809,"Observed"
"183",2020-06-01,6.7010005630771,"Observed"
"184",2020-06-08,6.7527024666338,"Observed"
"185",2020-06-15,7.8829133094189,"Observed"
"186",2020-06-22,10.36568933546,"Observed"
"187",2020-06-29,13.6232708,"Observed"
"188",2020-07-06,18.4575796,"Observed"
"189",2020-07-13,21.8890674,"Observed"
"190",2020-07-20,22.7585995,"Observed"
"191",2020-07-27,23.4520558,"Observed"
"192",2020-08-03,21.3008227,"Observed"
"193",2020-08-10,18.3606837,"Observed"
"194",2020-08-17,22.7510069,"Observed"
"195",2020-08-24,15.1244338,"Observed"
"196",2020-08-31,13.067927287788,"Observed"
"197",2020-09-07,10.1892521,"Observed"
"198",2020-09-14,9.1295438,"Observed"
"199",2020-09-21,9.0239707,"Observed"
"200",2020-09-28,8.1696239,"Observed"
"201",2020-10-05,8.1732394,"Observed"
"202",2020-10-12,7.9552237,"Observed"
"203",2020-10-19,7.929915,"Observed"
"204",2020-10-26,11.319462912961,"Observed"
"205",2020-11-02,10.501994353928,"Observed"
"206",2020-11-09,15.028261001665,"Observed"
"207",2020-11-16,22.363784926575,"Observed"
"208",2020-11-23,31.546838412147,"Observed"
"209",2020-11-30,35.2238199,"Observed"
"210",2020-12-07,56.2227469,"Observed"
"211",2020-12-14,82.7002679,"Observed"
"212",2020-12-21,110.7263152,"Observed"
"213",2020-12-28,85.859507322582,"Observed"
"214",2021-01-04,95.782295735966,"Observed"
"215",2021-01-11,104.81638989101,"Observed"
"216",2021-01-18,94.8610618,"Observed"
"217",2021-01-25,58.9267926,"Observed"
"218",2021-02-01,44.3005772,"Observed"
"219",2021-02-08,31.6842281,"Observed"
"220",2021-02-15,21.7021452,"Observed"
"221",2020-04-20,7.3751303361412,"Observed"
"222",2020-04-27,9.1612365729464,"Observed"
"223",2020-05-04,7.7125059586489,"Observed"
"224",2020-05-11,7.3751303361412,"Observed"
"225",2020-05-18,5.7577119105899,"Observed"
"226",2020-05-25,5.0904027748946,"Observed"
"227",2020-06-01,5.7775575354433,"Observed"
"228",2020-06-08,3.9716056737848,"Observed"
"229",2020-06-15,2.7734260732613,"Observed"
"230",2020-06-22,3.49034927109,"Observed"
"231",2020-06-29,4.4851112,"Observed"
"232",2020-07-06,4.3313076,"Observed"
"233",2020-07-13,7.4048988,"Observed"
"234",2020-07-20,8.2458571,"Observed"
"235",2020-07-27,9.9203317,"Observed"
"236",2020-08-03,8.441832672011,"Observed"
"237",2020-08-10,7.6182392,"Observed"
"238",2020-08-17,5.7825189,"Observed"
"239",2020-08-24,4.8894658,"Observed"
"240",2020-08-31,5.1673046,"Observed"
"241",2020-09-07,5.1176905,"Observed"
"242",2020-09-14,5.4873153,"Observed"
"243",2020-09-21,9.1786015,"Observed"
"244",2020-09-28,10.1485564,"Observed"
"245",2020-10-05,10.0394055,"Observed"
"246",2020-10-12,13.6438671,"Observed"
"247",2020-10-19,18.2009187,"Observed"
"248",2020-10-26,27.0867972,"Observed"
"249",2020-11-02,36.845883243426,"Observed"
"250",2020-11-09,55.542942558427,"Observed"
"251",2020-11-16,82.297325563904,"Observed"
"252",2020-11-23,85.772790616354,"Observed"
"253",2020-11-30,75.951687017032,"Observed"
"254",2020-12-07,78.63084637224,"Observed"
"255",2020-12-14,65.741113029963,"Observed"
"256",2020-12-21,49.4503357,"Observed"
"257",2020-12-28,38.7733896,"Observed"
"258",2021-01-04,41.5939489896,"Observed"
"259",2021-01-11,48.103313941512,"Observed"
"260",2021-01-18,33.109944364775,"Observed"
"261",2021-01-25,27.9922539,"Observed"
"262",2021-02-01,23.8345954,"Observed"
"263",2021-02-08,22.8696019,"Observed"
"264",2021-02-15,20.0986566,"Observed"
"265",2020-04-20,25.780332891654,"Observed"
"266",2020-04-27,24.77059650858,"Observed"
"267",2020-05-04,15.931396266275,"Observed"
"268",2020-05-11,15.194128431015,"Observed"
"269",2020-05-18,17.433980169659,"Observed"
"270",2020-05-25,11.046996857676,"Observed"
"271",2020-06-01,7.4488092703737,"Observed"
"272",2020-06-08,5.4493709562712,"Observed"
"273",2020-06-15,4.4316207923794,"Observed"
"274",2020-06-22,2.3400239988694,"Observed"
"275",2020-06-29,2.3239964372333,"Observed"
"276",2020-07-06,2.4602307,"Observed"
"277",2020-07-13,2.1396795,"Observed"
"278",2020-07-20,2.1837553,"Observed"
"279",2020-07-27,3.7183943,"Observed"
"280",2020-08-03,4.3234347513358,"Observed"
"281",2020-08-10,2.0234796565566,"Observed"
"282",2020-08-17,2.8048233,"Observed"
"283",2020-08-24,2.9811265,"Observed"
"284",2020-08-31,3.4779808750319,"Observed"
"285",2020-09-07,1.9473487387852,"Observed"
"286",2020-09-14,6.1305423258051,"Observed"
"287",2020-09-21,4.5237793,"Observed"
"288",2020-09-28,4.4997379,"Observed"
"289",2020-10-05,7.9055948,"Observed"
"290",2020-10-12,9.0435517,"Observed"
"291",2020-10-19,10.594218241457,"Observed"
"292",2020-10-26,16.340099087996,"Observed"
"293",2020-11-02,23.075681865563,"Observed"
"294",2020-11-09,30.47240156062,"Observed"
"295",2020-11-16,47.365451525061,"Observed"
"296",2020-11-23,53.916717343813,"Observed"
"297",2020-11-30,42.292728267237,"Observed"
"298",2020-12-07,74.323810196967,"Observed"
"299",2020-12-14,72.717047142949,"Observed"
"300",2020-12-21,53.632228124772,"Observed"
"301",2020-12-28,55.387246123925,"Observed"
"302",2021-01-04,53.836579535633,"Observed"
"303",2021-01-11,75.017002237728,"Observed"
"304",2021-01-18,67.183531488088,"Observed"
"305",2021-01-25,54.121068754673,"Observed"
"306",2021-02-01,41.359122801935,"Observed"
"307",2021-02-08,39.2074227,"Observed"
"308",2021-02-15,26.0568083,"Observed"
"309",2020-04-20,21.29449907626,"Observed"
"310",2020-04-27,19.533452099421,"Observed"
"311",2020-05-04,25.869172832187,"Observed"
"312",2020-05-11,24.67489959502,"Observed"
"313",2020-05-18,17.833130880404,"Observed"
"314",2020-05-25,19.331032906681,"Observed"
"315",2020-06-01,12.792892981175,"Observed"
"316",2020-06-08,10.768701053774,"Observed"
"317",2020-06-15,8.2991869023447,"Observed"
"318",2020-06-22,5.242657091969,"Observed"
"319",2020-06-29,4.7366091101187,"Observed"
"320",2020-07-06,4.5139479981045,"Observed"
"321",2020-07-13,8.7242672070989,"Observed"
"322",2020-07-20,7.9550742746865,"Observed"
"323",2020-07-27,12.266603080051,"Observed"
"324",2020-08-03,7.4490262928362,"Observed"
"325",2020-08-10,9.9995081213616,"Observed"
"326",2020-08-17,9.4327343816893,"Observed"
"327",2020-08-24,7.4085424542882,"Observed"
"328",2020-08-31,7.145397503726,"Observed"
"329",2020-09-07,6.5381399255057,"Observed"
"330",2020-09-14,6.2142692171215,"Observed"
"331",2020-09-21,7.2061232615481,"Observed"
"332",2020-09-28,5.7891889123673,"Observed"
"333",2020-10-05,5.7284631545452,"Observed"
"334",2020-10-12,9.6149116551554,"Observed"
"335",2020-10-19,7.5502358892063,"Observed"
"336",2020-10-26,8.4408803372628,"Observed"
"337",2020-11-02,12.671441465531,"Observed"
"338",2020-11-09,13.137005608833,"Observed"
"339",2020-11-16,19.776355130709,"Observed"
"340",2020-11-23,24.816593029938,"Observed"
"341",2020-11-30,25.545302123802,"Observed"
"342",2020-12-07,35.767471357178,"Observed"
"343",2020-12-14,34.795859232026,"Observed"
"344",2020-12-21,34.451746604367,"Observed"
"345",2020-12-28,32.427554676966,"Observed"
"346",2021-01-04,31.617877906006,"Observed"
"347",2021-01-11,42.28536936341,"Observed"
"348",2021-01-18,41.293515318983,"Observed"
"349",2021-01-25,29.796105171345,"Observed"
"350",2021-02-01,30.423604668839,"Observed"
"351",2021-02-08,22.8328849,"Observed"
"352",2021-02-15,17.5092602,"Observed"
"353",2020-04-20,14.435882675004,"Observed"
"354",2020-04-27,20.788257876505,"Observed"
"355",2020-05-04,16.519109646397,"Observed"
"356",2020-05-11,18.587666005315,"Observed"
"357",2020-05-18,19.291855404096,"Observed"
"358",2020-05-25,16.064320659685,"Observed"
"359",2020-06-01,9.3891919837426,"Observed"
"360",2020-06-08,5.3841147781774,"Observed"
"361",2020-06-15,5.398785390652,"Observed"
"362",2020-06-22,7.041893987807,"Observed"
"363",2020-06-29,8.1568605358764,"Observed"
"364",2020-07-06,13.452951639206,"Observed"
"365",2020-07-13,8.5969789101143,"Observed"
"366",2020-07-20,10.929606293575,"Observed"
"367",2020-07-27,11.472418955136,"Observed"
"368",2020-08-03,9.521227496014,"Observed"
"369",2020-08-10,8.4942846227921,"Observed"
"370",2020-08-17,13.232892452087,"Observed"
"371",2020-08-24,5.9562687,"Observed"
"372",2020-08-31,7.1445883,"Observed"
"373",2020-09-07,12.02990222917,"Observed"
"374",2020-09-14,10.093381382523,"Observed"
"375",2020-09-21,10.709547106456,"Observed"
"376",2020-09-28,10.59218220666,"Observed"
"377",2020-10-05,14.289176550258,"Observed"
"378",2020-10-12,13.584987151478,"Observed"
"379",2020-10-19,15.1987545,"Observed"
"380",2020-10-26,12.3673263,"Observed"
"381",2020-11-02,16.885874958262,"Observed"
"382",2020-11-09,23.311603222136,"Observed"
"383",2020-11-16,33.742408691575,"Observed"
"384",2020-11-23,44.642673760201,"Observed"
"385",2020-11-30,50.305530175396,"Observed"
"386",2020-12-07,73.807851359702,"Observed"
"387",2020-12-14,84.297339279039,"Observed"
"388",2020-12-21,67.29409942098,"Observed"
"389",2020-12-28,65.196201837113,"Observed"
"390",2021-01-04,71.079117439426,"Observed"
"391",2021-01-11,80.600344935441,"Observed"
"392",2021-01-18,74.570723208381,"Observed"
"393",2021-01-25,62.804892003753,"Observed"
"394",2021-02-01,48.471703616071,"Observed"
"395",2021-02-08,35.737612,"Observed"
"396",2021-02-15,33.8597736,"Observed"
"397",2020-04-20,4.0154536366125,"Observed"
"398",2020-04-27,3.3789141086618,"Observed"
"399",2020-05-04,3.1634085631488,"Observed"
"400",2020-05-11,2.7184295200986,"Observed"
"401",2020-05-18,3.6296721045212,"Observed"
"402",2020-05-25,3.5312312997807,"Observed"
"403",2020-06-01,3.3809095303796,"Observed"
"404",2020-06-08,5.3696798423675,"Observed"
"405",2020-06-15,8.263706473625,"Observed"
"406",2020-06-22,15.219081441002,"Observed"
"407",2020-06-29,30.6862603,"Observed"
"408",2020-07-06,39.9789393,"Observed"
"409",2020-07-13,50.542701828543,"Observed"
"410",2020-07-20,51.85369389708,"Observed"
"411",2020-07-27,48.1249158,"Observed"
"412",2020-08-03,39.334418,"Observed"
"413",2020-08-10,29.9825416,"Observed"
"414",2020-08-17,26.028946,"Observed"
"415",2020-08-24,17.782533207692,"Observed"
"416",2020-08-31,13.7298317,"Observed"
"417",2020-09-07,16.4941559,"Observed"
"418",2020-09-14,11.6140195,"Observed"
"419",2020-09-21,13.109255544806,"Observed"
"420",2020-09-28,10.5511249,"Observed"
"421",2020-10-05,11.0227096,"Observed"
"422",2020-10-12,12.0723014,"Observed"
"423",2020-10-19,13.7704053,"Observed"
"424",2020-10-26,16.8180794,"Observed"
"425",2020-11-02,19.988139346338,"Observed"
"426",2020-11-09,23.779440609994,"Observed"
"427",2020-11-16,27.96916107662,"Observed"
"428",2020-11-23,36.502914622709,"Observed"
"429",2020-11-30,36.300046748075,"Observed"
"430",2020-12-07,43.04523729452,"Observed"
"431",2020-12-14,46.786653015233,"Observed"
"432",2020-12-21,52.017318477933,"Observed"
"433",2020-12-28,44.960842143525,"Observed"
"434",2021-01-04,64.194712080567,"Observed"
"435",2021-01-11,74.42656950843,"Observed"
"436",2021-01-18,60.324924229348,"Observed"
"437",2021-01-25,52.471609488999,"Observed"
"438",2021-02-01,45.853460791915,"Observed"
"439",2021-02-08,37.6556032,"Observed"
"440",2021-02-15,31.4398646,"Observed"
"441",2020-04-20,7.3504519074786,"Observed"
"442",2020-04-27,6.0655019584319,"Observed"
"443",2020-05-04,6.8849098316983,"Observed"
"444",2020-05-11,6.134122322203,"Observed"
"445",2020-05-18,3.7714290127517,"Observed"
"446",2020-05-25,6.8835643343695,"Observed"
"447",2020-06-01,9.0175230979172,"Observed"
"448",2020-06-08,6.5714089540775,"Observed"
"449",2020-06-15,7.8025390099704,"Observed"
"450",2020-06-22,10.361674929433,"Observed"
"451",2020-06-29,18.6862669,"Observed"
"452",2020-07-06,23.6403881,"Observed"
"453",2020-07-13,28.2298795,"Observed"
"454",2020-07-20,36.4105032,"Observed"
"455",2020-07-27,33.731618,"Observed"
"456",2020-08-03,33.0884703,"Observed"
"457",2020-08-10,31.740282,"Observed"
"458",2020-08-17,26.689285,"Observed"
"459",2020-08-24,23.4008895,"Observed"
"460",2020-08-31,19.130281,"Observed"
"461",2020-09-07,17.9435524,"Observed"
"462",2020-09-14,15.5135842,"Observed"
"463",2020-09-21,16.1486589,"Observed"
"464",2020-09-28,10.6859398,"Observed"
"465",2020-10-05,11.346579,"Observed"
"466",2020-10-12,11.5672405,"Observed"
"467",2020-10-19,12.1081305,"Observed"
"468",2020-10-26,14.1209945,"Observed"
"469",2020-11-02,14.913492392915,"Observed"
"470",2020-11-09,15.150299922791,"Observed"
"471",2020-11-16,18.480405811682,"Observed"
"472",2020-11-23,24.660275043066,"Observed"
"473",2020-11-30,21.40551700459,"Observed"
"474",2020-12-07,35.722954080827,"Observed"
"475",2020-12-14,41.2529481,"Observed"
"476",2020-12-21,44.8709904,"Observed"
"477",2020-12-28,45.985062207925,"Observed"
"478",2021-01-04,59.534220309391,"Observed"
"479",2021-01-11,69.416898189756,"Observed"
"480",2021-01-18,56.5848902,"Observed"
"481",2021-01-25,50.1924324,"Observed"
"482",2021-02-01,40.8937003,"Observed"
"483",2021-02-08,30.9733485,"Observed"
"484",2021-02-15,22.936693,"Observed"
"485",2020-04-20,0.80717546703173,"Observed"
"486",2020-04-27,0.23206294677162,"Observed"
"487",2020-05-04,0.13116601339266,"Observed"
"488",2020-05-11,0.14125570673055,"Observed"
"489",2020-05-18,0.050448466689483,"Observed"
"490",2020-05-25,0.050448466689483,"Observed"
"491",2020-06-01,0.080717546703173,"Observed"
"492",2020-06-08,0.25224233344741,"Observed"
"493",2020-06-15,0.60538160027379,"Observed"
"494",2020-06-22,0.80717546703173,"Observed"
"495",2020-06-29,0.6860991,"Observed"
"496",2020-07-06,1.4730952,"Observed"
"497",2020-07-13,2.149104680972,"Observed"
"498",2020-07-20,1.5134540006845,"Observed"
"499",2020-07-27,3.2085225,"Observed"
"500",2020-08-03,7.436104,"Observed"
"501",2020-08-10,12.0067351,"Observed"
"502",2020-08-17,15.911446393863,"Observed"
"503",2020-08-24,15.679383447091,"Observed"
"504",2020-08-31,17.182747754438,"Observed"
"505",2020-09-07,15.003374,"Observed"
"506",2020-09-14,8.2735485370752,"Observed"
"507",2020-09-21,6.8609915,"Observed"
"508",2020-09-28,7.506731843395,"Observed"
"509",2020-10-05,6.5683903629707,"Observed"
"510",2020-10-12,6.6591976030117,"Observed"
"511",2020-10-19,5.4887931758157,"Observed"
"512",2020-10-26,6.5683903629707,"Observed"
"513",2020-11-02,5.266819922382,"Observed"
"514",2020-11-09,7.8396917235456,"Observed"
"515",2020-11-16,6.1042644694274,"Observed"
"516",2020-11-23,7.2645792032855,"Observed"
"517",2020-11-30,5.9730984560348,"Observed"
"518",2020-12-07,6.8912605497834,"Observed"
"519",2020-12-14,3.4607648148985,"Observed"
"520",2020-12-21,0,"Observed"
"521",2020-12-28,0,"Observed"
"522",2021-01-04,0,"Observed"
"523",2021-01-11,46.029181007484,"Observed"
"524",2021-01-18,9.8374510044492,"Observed"
"525",2021-01-25,7.9405886569246,"Observed"
"526",2021-02-01,6.7399151497149,"Observed"
"527",2021-02-08,5.9327397,"Observed"
"528",2021-02-15,3.6121102,"Observed"
"529",2020-04-20,6.538229398578,"Observed"
"530",2020-04-27,12.238804753709,"Observed"
"531",2020-05-04,17.409620524607,"Observed"
"532",2020-05-11,12.053162506243,"Observed"
"533",2020-05-18,11.704517309781,"Observed"
"534",2020-05-25,11.754323766419,"Observed"
"535",2020-06-01,9.6805640264264,"Observed"
"536",2020-06-08,10.074487819831,"Observed"
"537",2020-06-15,9.6488690085663,"Observed"
"538",2020-06-22,9.0693029676951,"Observed"
"539",2020-06-29,12.1844704,"Observed"
"540",2020-07-06,13.2349339,"Observed"
"541",2020-07-13,17.4186762,"Observed"
"542",2020-07-20,15.4626409,"Observed"
"543",2020-07-27,16.1554034,"Observed"
"544",2020-08-03,15.0189106,"Observed"
"545",2020-08-10,14.4800953,"Observed"
"546",2020-08-17,16.3772685,"Observed"
"547",2020-08-24,17.9665473,"Observed"
"548",2020-08-31,36.8024436,"Observed"
"549",2020-09-07,25.4420436,"Observed"
"550",2020-09-14,20.0810577,"Observed"
"551",2020-09-21,26.560425,"Observed"
"552",2020-09-28,28.1044251,"Observed"
"553",2020-10-05,27.4433576,"Observed"
"554",2020-10-12,32.3787247,"Observed"
"555",2020-10-19,34.0404492,"Observed"
"556",2020-10-26,40.211921945132,"Observed"
"557",2020-11-02,69.104194654499,"Observed"
"558",2020-11-09,113.66286190617,"Observed"
"559",2020-11-16,136.75947420682,"Observed"
"560",2020-11-23,111.84719016875,"Observed"
"561",2020-11-30,78.132746884946,"Observed"
"562",2020-12-07,71.83902190986,"Observed"
"563",2020-12-14,54.596932193943,"Observed"
"564",2020-12-21,49.091054805667,"Observed"
"565",2020-12-28,34.995827577292,"Observed"
"566",2021-01-04,42.530186108617,"Observed"
"567",2021-01-11,54.334316331673,"Observed"
"568",2021-01-18,36.159487518728,"Observed"
"569",2021-01-25,38.0747722,"Observed"
"570",2021-02-01,28.2266773,"Observed"
"571",2021-02-08,23.4407296,"Observed"
"572",2021-02-15,20.9956854,"Observed"
"573",2020-04-20,2.2622888047481,"Observed"
"574",2020-04-27,1.4469055606339,"Observed"
"575",2020-05-04,1.5108571876233,"Observed"
"576",2020-05-11,1.2310688195449,"Observed"
"577",2020-05-18,1.542833001118,"Observed"
"578",2020-05-25,1.3829539336446,"Observed"
"579",2020-06-01,2.2303129912534,"Observed"
"580",2020-06-08,2.2622888047481,"Observed"
"581",2020-06-15,2.1823492710114,"Observed"
"582",2020-06-22,6.3312110719452,"Observed"
"583",2020-06-29,11.9749422,"Observed"
"584",2020-07-06,18.3940867,"Observed"
"585",2020-07-13,22.7827671,"Observed"
"586",2020-07-20,34.8856125,"Observed"
"587",2020-07-27,27.4032722,"Observed"
"588",2020-08-03,23.813987100157,"Observed"
"589",2020-08-10,27.3952782,"Observed"
"590",2020-08-17,22.7188155,"Observed"
"591",2020-08-24,16.9471812,"Observed"
"592",2020-08-31,16.1957495,"Observed"
"593",2020-09-07,12.6224524,"Observed"
"594",2020-09-14,14.908723,"Observed"
"595",2020-09-21,18.9376755,"Observed"
"596",2020-09-28,24.157727095225,"Observed"
"597",2020-10-05,27.9708429,"Observed"
"598",2020-10-12,33.9023563,"Observed"
"599",2020-10-19,40.984998946797,"Observed"
"600",2020-10-26,49.9702025388,"Observed"
"601",2020-11-02,46.39690538077,"Observed"
"602",2020-11-09,67.005317178086,"Observed"
"603",2020-11-16,72.880872907733,"Observed"
"604",2020-11-23,66.413764628435,"Observed"
"605",2020-11-30,80.299261638497,"Observed"
"606",2020-12-07,81.498354644547,"Observed"
"607",2020-12-14,82.5375686,"Observed"
"608",2020-12-21,69.2436241,"Observed"
"609",2020-12-28,49.018922087333,"Observed"
"610",2021-01-04,50.313942533867,"Observed"
"611",2021-01-11,55.430072693015,"Observed"
"612",2021-01-18,42.487862181046,"Observed"
"613",2021-01-25,35.80491716066,"Observed"
"614",2021-02-01,21.1839764,"Observed"
"615",2021-02-08,23.7820113,"Observed"
"616",2021-02-15,14.5969589,"Observed"
"617",2020-04-20,10.689635124829,"Observed"
"618",2020-04-27,16.205811529151,"Observed"
"619",2020-05-04,20.238381118005,"Observed"
"620",2020-05-11,17.104318088368,"Observed"
"621",2020-05-18,19.69612057223,"Observed"
"622",2020-05-25,17.513550059504,"Observed"
"623",2020-06-01,10.398776037906,"Observed"
"624",2020-06-08,8.0876863937483,"Observed"
"625",2020-06-15,5.1813502461203,"Observed"
"626",2020-06-22,4.7529531,"Observed"
"627",2020-06-29,5.9107527,"Observed"
"628",2020-07-06,6.0922578,"Observed"
"629",2020-07-13,7.8171198,"Observed"
"630",2020-07-20,8.9602637,"Observed"
"631",2020-07-27,11.1665087,"Observed"
"632",2020-08-03,11.9376235,"Observed"
"633",2020-08-10,13.7064526,"Observed"
"634",2020-08-17,14.0401514,"Observed"
"635",2020-08-24,15.7109001,"Observed"
"636",2020-08-31,14.9183655,"Observed"
"637",2020-09-07,17.963367,"Observed"
"638",2020-09-14,13.2803102,"Observed"
"639",2020-09-21,14.6399074,"Observed"
"640",2020-09-28,15.6376217,"Observed"
"641",2020-10-05,15.5079752,"Observed"
"642",2020-10-12,20.891123,"Observed"
"643",2020-10-19,28.496299,"Observed"
"644",2020-10-26,35.8669839,"Observed"
"645",2020-11-02,50.182211380669,"Observed"
"646",2020-11-09,84.62195652182,"Observed"
"647",2020-11-16,97.726398484593,"Observed"
"648",2020-11-23,89.478626856956,"Observed"
"649",2020-11-30,69.537868990686,"Observed"
"650",2020-12-07,78.870161709874,"Observed"
"651",2020-12-14,67.475926083777,"Observed"
"652",2020-12-21,55.1798018,"Observed"
"653",2020-12-28,42.0392843,"Observed"
"654",2021-01-04,47.933126580623,"Observed"
"655",2021-01-11,54.837084132242,"Observed"
"656",2021-01-18,43.609697904846,"Observed"
"657",2021-01-25,36.6933394,"Observed"
"658",2021-02-01,26.8920646,"Observed"
"659",2021-02-08,21.9621158,"Observed"
"660",2021-02-15,17.457182,"Observed"
"661",2020-04-20,7.3314820651471,"Observed"
"662",2020-04-27,9.0884913704849,"Observed"
"663",2020-05-04,9.6380872763816,"Observed"
"664",2020-05-11,8.7383627045661,"Observed"
"665",2020-05-18,7.6922206906392,"Observed"
"666",2020-05-25,7.3442140166351,"Observed"
"667",2020-06-01,6.6078828222484,"Observed"
"668",2020-06-08,5.9224794338135,"Observed"
"669",2020-06-15,5.9267234176428,"Observed"
"670",2020-06-22,4.7150660343725,"Observed"
"671",2020-06-29,5.521423,"Observed"
"672",2020-07-06,7.0004513,"Observed"
"673",2020-07-13,7.4481916,"Observed"
"674",2020-07-20,10.9685762,"Observed"
"675",2020-07-27,12.0974759,"Observed"
"676",2020-08-03,11.7261273,"Observed"
"677",2020-08-10,13.918145,"Observed"
"678",2020-08-17,12.7616594,"Observed"
"679",2020-08-24,14.0051466,"Observed"
"680",2020-08-31,18.8178243,"Observed"
"681",2020-09-07,13.2603275,"Observed"
"682",2020-09-14,13.2136437,"Observed"
"683",2020-09-21,11.6709555,"Observed"
"684",2020-09-28,13.4576727,"Observed"
"685",2020-10-05,16.4730232,"Observed"
"686",2020-10-12,22.6458977,"Observed"
"687",2020-10-19,26.853807680011,"Observed"
"688",2020-10-26,32.71050536447,"Observed"
"689",2020-11-02,43.846718932601,"Observed"
"690",2020-11-09,62.30592659822,"Observed"
"691",2020-11-16,89.732672095189,"Observed"
"692",2020-11-23,93.900264215579,"Observed"
"693",2020-11-30,80.869111867658,"Observed"
"694",2020-12-07,102.617407001,"Observed"
"695",2020-12-14,91.650952786041,"Observed"
"696",2020-12-21,80.38741970303,"Observed"
"697",2020-12-28,59.661924672555,"Observed"
"698",2021-01-04,70.936067715139,"Observed"
"699",2021-01-11,79.952411360525,"Observed"
"700",2021-01-18,53.907082599999,"Observed"
"701",2021-01-25,43.6069338,"Observed"
"702",2021-02-01,32.2373012,"Observed"
"703",2021-02-08,26.3042118,"Observed"
"704",2021-02-15,18.9663637,"Observed"
"705",2020-04-20,2.9911934361644,"Observed"
"706",2020-04-27,6.5855291553586,"Observed"
"707",2020-05-04,9.4001931428313,"Observed"
"708",2020-05-11,9.1648205445757,"Observed"
"709",2020-05-18,6.2815062159451,"Observed"
"710",2020-05-25,3.3491559293447,"Observed"
"711",2020-06-01,4.781005902066,"Observed"
"712",2020-06-08,3.0794581605102,"Observed"
"713",2020-06-15,3.7659615720889,"Observed"
"714",2020-06-22,5.2272331195921,"Observed"
"715",2020-06-29,9.7238305,"Observed"
"716",2020-07-06,12.1265924,"Observed"
"717",2020-07-13,15.6816994,"Observed"
"718",2020-07-20,15.9759151,"Observed"
"719",2020-07-27,14.2106206,"Observed"
"720",2020-08-03,13.3475878,"Observed"
"721",2020-08-10,14.107645107942,"Observed"
"722",2020-08-17,16.8781767,"Observed"
"723",2020-08-24,16.510407,"Observed"
"724",2020-08-31,21.4336172,"Observed"
"725",2020-09-07,20.5558736,"Observed"
"726",2020-09-14,16.2309021,"Observed"
"727",2020-09-21,19.9870565,"Observed"
"728",2020-09-28,23.826572,"Observed"
"729",2020-10-05,19.8791774,"Observed"
"730",2020-10-12,26.185201555931,"Observed"
"731",2020-10-19,26.6510432,"Observed"
"732",2020-10-26,29.4019604,"Observed"
"733",2020-11-02,50.134363428433,"Observed"
"734",2020-11-09,71.06291028999,"Observed"
"735",2020-11-16,96.752848670424,"Observed"
"736",2020-11-23,94.085292556861,"Observed"
"737",2020-11-30,77.991691151138,"Observed"
"738",2020-12-07,82.483384901181,"Observed"
"739",2020-12-14,80.13946611022,"Observed"
"740",2020-12-21,50.874806393779,"Observed"
"741",2020-12-28,75.672290339161,"Observed"
"742",2021-01-04,74.9514618,"Observed"
"743",2021-01-11,79.369601570092,"Observed"
"744",2021-01-18,58.7401741,"Observed"
"745",2021-01-25,47.9375525,"Observed"
"746",2021-02-01,36.164019,"Observed"
"747",2021-02-08,31.0593758,"Observed"
"748",2021-02-15,22.2623249,"Observed"
"749",2020-04-20,3.1719932437823,"Observed"
"750",2020-04-27,3.5365166609105,"Observed"
"751",2020-05-04,3.5269239394071,"Observed"
"752",2020-05-11,4.5917160262816,"Observed"
"753",2020-05-18,3.9745842762312,"Observed"
"754",2020-05-25,2.0848181400666,"Observed"
"755",2020-06-01,4.6812480936464,"Observed"
"756",2020-06-08,4.5789257309438,"Observed"
"757",2020-06-15,3.7603468293226,"Observed"
"758",2020-06-22,3.8147056,"Observed"
"759",2020-06-29,4.8443244,"Observed"
"760",2020-07-06,5.7716208,"Observed"
"761",2020-07-13,7.9971322,"Observed"
"762",2020-07-20,12.0260752,"Observed"
"763",2020-07-27,13.3882416,"Observed"
"764",2020-08-03,12.492921,"Observed"
"765",2020-08-10,11.9781116,"Observed"
"766",2020-08-17,14.1876351,"Observed"
"767",2020-08-24,13.4553907,"Observed"
"768",2020-08-31,14.3794895,"Observed"
"769",2020-09-07,14.9262747,"Observed"
"770",2020-09-14,13.487366433744,"Observed"
"771",2020-09-21,14.8207547,"Observed"
"772",2020-09-28,16.0582158,"Observed"
"773",2020-10-05,19.8857117,"Observed"
"774",2020-10-12,24.8515438,"Observed"
"775",2020-10-19,23.3966477,"Observed"
"776",2020-10-26,30.7510676,"Observed"
"777",2020-11-02,37.728173672769,"Observed"
"778",2020-11-09,41.245504890673,"Observed"
"779",2020-11-16,52.871883352762,"Observed"
"780",2020-11-23,67.580722991269,"Observed"
"781",2020-11-30,60.14316625232,"Observed"
"782",2020-12-07,75.306061375319,"Observed"
"783",2020-12-14,71.0916591,"Observed"
"784",2020-12-21,62.1448475,"Observed"
"785",2020-12-28,45.584612584033,"Observed"
"786",2021-01-04,65.956355483364,"Observed"
"787",2021-01-11,84.8700047,"Observed"
"788",2021-01-18,73.4514686,"Observed"
"789",2021-01-25,61.3134783,"Observed"
"790",2021-02-01,53.3227413,"Observed"
"791",2021-02-08,45.6869349,"Observed"
"792",2021-02-15,34.3355478,"Observed"
"793",2020-04-20,10.780061606147,"Observed"
"794",2020-04-27,7.8299877344533,"Observed"
"795",2020-05-04,7.9990023833524,"Observed"
"796",2020-05-11,6.5577683772854,"Observed"
"797",2020-05-18,8.923973461873,"Observed"
"798",2020-05-25,9.2220538426587,"Observed"
"799",2020-06-01,8.0235863322832,"Observed"
"800",2020-06-08,8.349323655616,"Observed"
"801",2020-06-15,12.006186059069,"Observed"
"802",2020-06-22,10.10400301055,"Observed"
"803",2020-06-29,21.0438603,"Observed"
"804",2020-07-06,28.412899,"Observed"
"805",2020-07-13,41.4854138,"Observed"
"806",2020-07-20,46.2946488,"Observed"
"807",2020-07-27,46.1717291,"Observed"
"808",2020-08-03,33.584747233061,"Observed"
"809",2020-08-10,34.156324045702,"Observed"
"810",2020-08-17,20.0482104,"Observed"
"811",2020-08-24,15.6138806,"Observed"
"812",2020-08-31,14.2187415,"Observed"
"813",2020-09-07,15.3158002,"Observed"
"814",2020-09-14,14.6581795,"Observed"
"815",2020-09-21,10.8015726,"Observed"
"816",2020-09-28,11.1518938,"Observed"
"817",2020-10-05,10.5127112,"Observed"
"818",2020-10-12,11.084288,"Observed"
"819",2020-10-19,11.8709743,"Observed"
"820",2020-10-26,12.4579161,"Observed"
"821",2020-11-02,11.001317146524,"Observed"
"822",2020-11-09,14.513748850009,"Observed"
"823",2020-11-16,19.495071502108,"Observed"
"824",2020-11-23,81.363651980031,"Observed"
"825",2020-11-30,34.583470158374,"Observed"
"826",2020-12-07,60.593288127139,"Observed"
"827",2020-12-14,53.81119121586,"Observed"
"828",2020-12-21,54.140001532809,"Observed"
"829",2020-12-28,40.803209237861,"Observed"
"830",2021-01-04,66.502654851375,"Observed"
"831",2021-01-11,80.063775680316,"Observed"
"832",2021-01-18,66.714691410903,"Observed"
"833",2021-01-25,49.161751874326,"Observed"
"834",2021-02-01,48.0892771,"Observed"
"835",2021-02-08,35.0628572,"Observed"
"836",2021-02-15,22.8938024,"Observed"
"837",2020-04-20,26.482189623794,"Observed"
"838",2020-04-27,34.859822124333,"Observed"
"839",2020-05-04,26.167147530751,"Observed"
"840",2020-05-11,19.431050146597,"Observed"
"841",2020-05-18,17.804023547655,"Observed"
"842",2020-05-25,12.889781425247,"Observed"
"843",2020-06-01,15.598728896351,"Observed"
"844",2020-06-08,5.8220607852578,"Observed"
"845",2020-06-15,4.3173202619053,"Observed"
"846",2020-06-22,3.1524935757839,"Observed"
"847",2020-06-29,3.1918738374144,"Observed"
"848",2020-07-06,2.8747590990219,"Observed"
"849",2020-07-13,3.5027706,"Observed"
"850",2020-07-20,4.0665302,"Observed"
"851",2020-07-27,4.4292431107497,"Observed"
"852",2020-08-03,5.6603944480381,"Observed"
"853",2020-08-10,5.5090913,"Observed"
"854",2020-08-17,5.2355022,"Observed"
"855",2020-08-24,4.5204395061044,"Observed"
"856",2020-08-31,5.2044124712646,"Observed"
"857",2020-09-07,0.7357891,"Observed"
"858",2020-09-14,6.8708193,"Observed"
"859",2020-09-21,5.4448393317451,"Observed"
"860",2020-09-28,5.4883648840735,"Observed"
"861",2020-10-05,8.5620979365966,"Observed"
"862",2020-10-12,8.2698549423918,"Observed"
"863",2020-10-19,13.706403692741,"Observed"
"864",2020-10-26,14.282599099755,"Observed"
"865",2020-11-02,16.72832061154,"Observed"
"866",2020-11-09,23.901746164326,"Observed"
"867",2020-11-16,34.389331630116,"Observed"
"868",2020-11-23,35.962469449985,"Observed"
"869",2020-11-30,34.202793548709,"Observed"
"870",2020-12-07,65.736019887944,"Observed"
"871",2020-12-14,66.264544451932,"Observed"
"872",2020-12-21,72.838975498866,"Observed"
"873",2020-12-28,-6.506033750418,"Observed"
"874",2021-01-04,67.7361226497,"Observed"
"875",2021-01-11,115.66604634464,"Observed"
"876",2021-01-18,79.187488202762,"Observed"
"877",2021-01-25,57.758407939757,"Observed"
"878",2021-02-01,43.552496717914,"Observed"
"879",2021-02-08,36.0453753,"Observed"
"880",2021-02-15,26.7972317,"Observed"
"881",2020-04-20,11.21225640221,"Observed"
"882",2020-04-27,13.721722429428,"Observed"
"883",2020-05-04,16.313892139275,"Observed"
"884",2020-05-11,16.502929128143,"Observed"
"885",2020-05-18,15.09696652344,"Observed"
"886",2020-05-25,18.719387822615,"Observed"
"887",2020-06-01,13.331833639888,"Observed"
"888",2020-06-08,11.982582131846,"Observed"
"889",2020-06-15,8.5397459720944,"Observed"
"890",2020-06-22,5.5647763597903,"Observed"
"891",2020-06-29,6.8242353,"Observed"
"892",2020-07-06,6.2618503,"Observed"
"893",2020-07-13,10.293064,"Observed"
"894",2020-07-20,10.4561084,"Observed"
"895",2020-07-27,14.6291,"Observed"
"896",2020-08-03,14.8110481,"Observed"
"897",2020-08-10,12.0841895,"Observed"
"898",2020-08-17,10.5317232,"Observed"
"899",2020-08-24,9.3431532,"Observed"
"900",2020-08-31,8.4594052518256,"Observed"
"901",2020-09-07,10.949967580156,"Observed"
"902",2020-09-14,8.8918274,"Observed"
"903",2020-09-21,9.2675384,"Observed"
"904",2020-09-28,7.8261313,"Observed"
"905",2020-10-05,9.2415458,"Observed"
"906",2020-10-12,9.6172568,"Observed"
"907",2020-10-19,10.144197415108,"Observed"
"908",2020-10-26,11.082293472364,"Observed"
"909",2020-11-02,14.532218519198,"Observed"
"910",2020-11-09,19.7945356968,"Observed"
"911",2020-11-16,29.028992602983,"Observed"
"912",2020-11-23,38.140575466402,"Observed"
"913",2020-11-30,34.435450484596,"Observed"
"914",2020-12-07,44.799403399263,"Observed"
"915",2020-12-14,46.389677068112,"Observed"
"916",2020-12-21,38.072049557937,"Observed"
"917",2020-12-28,38.067323633215,"Observed"
"918",2021-01-04,43.995996196576,"Observed"
"919",2021-01-11,51.711068304735,"Observed"
"920",2021-01-18,43.780966621739,"Observed"
"921",2021-01-25,35.264850273253,"Observed"
"922",2021-02-01,29.532303585843,"Observed"
"923",2021-02-08,21.0705354,"Observed"
"924",2021-02-15,16.8999068,"Observed"
"925",2020-04-20,1.89170840824,"Observed"
"926",2020-04-27,1.5728811484243,"Observed"
"927",2020-05-04,1.9342187095488,"Observed"
"928",2020-05-11,2.7312868590881,"Observed"
"929",2020-05-18,2.6568938317978,"Observed"
"930",2020-05-25,3.0713692695582,"Observed"
"931",2020-06-01,3.666513487881,"Observed"
"932",2020-06-08,2.5825008045075,"Observed"
"933",2020-06-15,2.3274389966549,"Observed"
"934",2020-06-22,1.7322947783322,"Observed"
"935",2020-06-29,2.6994041,"Observed"
"936",2020-07-06,2.2955563,"Observed"
"937",2020-07-13,1.3390745,"Observed"
"938",2020-07-20,1.5409984,"Observed"
"939",2020-07-27,1.3497021,"Observed"
"940",2020-08-03,1.4028399,"Observed"
"941",2020-08-10,0.8608336,"Observed"
"942",2020-08-17,1.551626,"Observed"
"943",2020-08-24,1.7004121,"Observed"
"944",2020-08-31,1.8066878056225,"Observed"
"945",2020-09-07,1.9873565861847,"Observed"
"946",2020-09-14,-0.8608336,"Observed"
"947",2020-09-21,5.0480983,"Observed"
"948",2020-09-28,2.051122,"Observed"
"949",2020-10-05,2.5931284,"Observed"
"950",2020-10-12,2.2317908,"Observed"
"951",2020-10-19,2.1999081,"Observed"
"952",2020-10-26,3.103252,"Observed"
"953",2020-11-02,5.7920285533192,"Observed"
"954",2020-11-09,13.401372487588,"Observed"
"955",2020-11-16,13.84773065133,"Observed"
"956",2020-11-23,15.261198169847,"Observed"
"957",2020-11-30,12.572421612067,"Observed"
"958",2020-12-07,19.055242561654,"Observed"
"959",2020-12-14,27.35537889219,"Observed"
"960",2020-12-21,31.202561160633,"Observed"
"961",2020-12-28,32.244063542698,"Observed"
"962",2021-01-04,44.7527197,"Observed"
"963",2021-01-11,40.0447038,"Observed"
"964",2021-01-18,41.9470398,"Observed"
"965",2021-01-25,36.6651349,"Observed"
"966",2021-02-01,23.9970651,"Observed"
"967",2021-02-08,15.5800254,"Observed"
"968",2021-02-15,13.3694898,"Observed"
"969",2020-04-20,9.0962409037055,"Observed"
"970",2020-04-27,8.893116794832,"Observed"
"971",2020-05-04,8.206500088781,"Observed"
"972",2020-05-11,5.14533394097,"Observed"
"973",2020-05-18,6.2410597677098,"Observed"
"974",2020-05-25,4.2498713201618,"Observed"
"975",2020-06-01,3.7906963979902,"Observed"
"976",2020-06-08,10.220575759864,"Observed"
"977",2020-06-15,1.9983407049027,"Observed"
"978",2020-06-22,2.6635006388897,"Observed"
"979",2020-06-29,3.2771643,"Observed"
"980",2020-07-06,4.3542943,"Observed"
"981",2020-07-13,5.6231047,"Observed"
"982",2020-07-20,7.4340563,"Observed"
"983",2020-07-27,6.8346971,"Observed"
"984",2020-08-03,7.4397781,"Observed"
"985",2020-08-10,7.0549867,"Observed"
"986",2020-08-17,7.7859474,"Observed"
"987",2020-08-24,7.0621389,"Observed"
"988",2020-08-31,7.6371804,"Observed"
"989",2020-09-07,7.692968,"Observed"
"990",2020-09-14,8.4167765,"Observed"
"991",2020-09-21,7.6886767,"Observed"
"992",2020-09-28,8.6399269,"Observed"
"993",2020-10-05,10.0474911,"Observed"
"994",2020-10-12,12.4020143,"Observed"
"995",2020-10-19,18.2053559,"Observed"
"996",2020-10-26,22.2349377,"Observed"
"997",2020-11-02,35.272072370431,"Observed"
"998",2020-11-09,48.611032336943,"Observed"
"999",2020-11-16,72.446645197211,"Observed"
"1000",2020-11-23,74.396350552102,"Observed"
"1001",2020-11-30,68.630200672744,"Observed"
"1002",2020-12-07,67.8877964,"Observed"
"1003",2020-12-14,51.832409,"Observed"
"1004",2020-12-21,40.7106489,"Observed"
"1005",2020-12-28,26.859587269834,"Observed"
"1006",2021-01-04,33.957487468637,"Observed"
"1007",2021-01-11,34.432397356989,"Observed"
"1008",2021-01-18,24.955656362014,"Observed"
"1009",2021-01-25,21.406706262612,"Observed"
"1010",2021-02-01,18.0480062,"Observed"
"1011",2021-02-08,14.3531501,"Observed"
"1012",2021-02-15,10.9744237,"Observed"
"1013",2020-04-20,2.067004169269,"Observed"
"1014",2020-04-27,2.2949825702913,"Observed"
"1015",2020-05-04,9.7346777236529,"Observed"
"1016",2020-05-11,11.606633705381,"Observed"
"1017",2020-05-18,11.591435145312,"Observed"
"1018",2020-05-25,12.51854730947,"Observed"
"1019",2020-06-01,9.8587992975428,"Observed"
"1020",2020-06-08,7.642342620937,"Observed"
"1021",2020-06-15,6.2516743747008,"Observed"
"1022",2020-06-22,6.4239247221399,"Observed"
"1023",2020-06-29,6.6772341,"Observed"
"1024",2020-07-06,6.8596168,"Observed"
"1025",2020-07-13,10.6465913,"Observed"
"1026",2020-07-20,9.2837871,"Observed"
"1027",2020-07-27,13.3620674,"Observed"
"1028",2020-08-03,12.219642294796,"Observed"
"1029",2020-08-10,12.6148049,"Observed"
"1030",2020-08-17,10.638992,"Observed"
"1031",2020-08-24,11.6066337,"Observed"
"1032",2020-08-31,14.0991976,"Observed"
"1033",2020-09-07,13.5799134,"Observed"
"1034",2020-09-14,9.4332396,"Observed"
"1035",2020-09-21,15.1808284,"Observed"
"1036",2020-09-28,16.961593,"Observed"
"1037",2020-10-05,18.1394814,"Observed"
"1038",2020-10-12,21.8859265,"Observed"
"1039",2020-10-19,30.6301647,"Observed"
"1040",2020-10-26,30.407252509688,"Observed"
"1041",2020-11-02,49.549838915528,"Observed"
"1042",2020-11-09,70.138821621188,"Observed"
"1043",2020-11-16,132.13628123253,"Observed"
"1044",2020-11-23,100.18637487593,"Observed"
"1045",2020-11-30,107.05612402673,"Observed"
"1046",2020-12-07,94.707293971359,"Observed"
"1047",2020-12-14,65.067568745114,"Observed"
"1048",2020-12-21,44.243008358397,"Observed"
"1049",2020-12-28,27.441000203053,"Observed"
"1050",2021-01-04,34.320881727237,"Observed"
"1051",2021-01-11,35.12133922416,"Observed"
"1052",2021-01-18,24.816715497951,"Observed"
"1053",2021-01-25,21.3641093,"Observed"
"1054",2021-02-01,17.0882477,"Observed"
"1055",2021-02-08,15.5962557,"Observed"
"1056",2021-02-15,13.8990832,"Observed"
"1057",2020-04-20,3.2959362502617,"Observed"
"1058",2020-04-27,3.114380439866,"Observed"
"1059",2020-05-04,3.6543925938637,"Observed"
"1060",2020-05-11,2.6907502156092,"Observed"
"1061",2020-05-18,2.3858295596881,"Observed"
"1062",2020-05-25,2.9537733768236,"Observed"
"1063",2020-06-01,2.7000607699884,"Observed"
"1064",2020-06-08,3.2656769485291,"Observed"
"1065",2020-06-15,3.3983523484337,"Observed"
"1066",2020-06-22,4.5621716458425,"Observed"
"1067",2020-06-29,6.743169,"Observed"
"1068",2020-07-06,6.4848011,"Observed"
"1069",2020-07-13,9.4665062,"Observed"
"1070",2020-07-20,13.3396968,"Observed"
"1071",2020-07-27,21.9356661,"Observed"
"1072",2020-08-03,22.9062914,"Observed"
"1073",2020-08-10,16.4145074,"Observed"
"1074",2020-08-17,20.1922648,"Observed"
"1075",2020-08-24,16.9940894,"Observed"
"1076",2020-08-31,20.4087352,"Observed"
"1077",2020-09-07,22.3965386,"Observed"
"1078",2020-09-14,22.664217,"Observed"
"1079",2020-09-21,23.7907941,"Observed"
"1080",2020-09-28,24.1096806,"Observed"
"1081",2020-10-05,20.4785644,"Observed"
"1082",2020-10-12,25.1664285,"Observed"
"1083",2020-10-19,29.0163427,"Observed"
"1084",2020-10-26,37.2887703,"Observed"
"1085",2020-11-02,41.215496598436,"Observed"
"1086",2020-11-09,61.154048801643,"Observed"
"1087",2020-11-16,74.924358728584,"Observed"
"1088",2020-11-23,69.3031115221,"Observed"
"1089",2020-11-30,55.935483072062,"Observed"
"1090",2020-12-07,59.385043469582,"Observed"
"1091",2020-12-14,51.582798899753,"Observed"
"1092",2020-12-21,46.727344790964,"Observed"
"1093",2020-12-28,-12.2270855,"Observed"
"1094",2021-01-04,87.9149097,"Observed"
"1095",2021-01-11,51.263912412263,"Observed"
"1096",2021-01-18,32.249432731198,"Observed"
"1097",2021-01-25,24.905732964548,"Observed"
"1098",2021-02-01,23.4206995,"Observed"
"1099",2021-02-08,16.4494219,"Observed"
"1100",2021-02-15,11.6451759,"Observed"
"1101",2020-04-20,7.5265048893721,"Observed"
"1102",2020-04-27,7.5937058258844,"Observed"
"1103",2020-05-04,8.5729194722058,"Observed"
"1104",2020-05-11,8.6257202080368,"Observed"
"1105",2020-05-18,8.3953169971377,"Observed"
"1106",2020-05-25,9.7489358611702,"Observed"
"1107",2020-06-01,10.920152183241,"Observed"
"1108",2020-06-08,9.7249355267015,"Observed"
"1109",2020-06-15,9.7633360618514,"Observed"
"1110",2020-06-22,11.990567100543,"Observed"
"1111",2020-06-29,20.5490864,"Observed"
"1112",2020-07-06,22.5123137,"Observed"
"1113",2020-07-13,26.0307628,"Observed"
"1114",2020-07-20,34.6036822,"Observed"
"1115",2020-07-27,43.527006592364,"Observed"
"1116",2020-08-03,39.2069464,"Observed"
"1117",2020-08-10,31.3156364,"Observed"
"1118",2020-08-17,22.8627186,"Observed"
"1119",2020-08-24,28.7668009,"Observed"
"1120",2020-08-31,21.816304,"Observed"
"1121",2020-09-07,20.0642796,"Observed"
"1122",2020-09-14,13.8625932,"Observed"
"1123",2020-09-21,16.9826367,"Observed"
"1124",2020-09-28,16.7666337,"Observed"
"1125",2020-10-05,17.5394444,"Observed"
"1126",2020-10-12,21.720302694138,"Observed"
"1127",2020-10-19,29.251607650404,"Observed"
"1128",2020-10-26,25.416354202312,"Observed"
"1129",2020-11-02,23.477127177244,"Observed"
"1130",2020-11-09,27.341181026699,"Observed"
"1131",2020-11-16,36.922114546588,"Observed"
"1132",2020-11-23,43.071000237459,"Observed"
"1133",2020-11-30,45.125428867977,"Observed"
"1134",2020-12-07,62.036064534595,"Observed"
"1135",2020-12-14,71.525796783504,"Observed"
"1136",2020-12-21,69.144963604213,"Observed"
"1137",2020-12-28,60.428042125195,"Observed"
"1138",2021-01-04,74.823442739498,"Observed"
"1139",2021-01-11,79.834712576554,"Observed"
"1140",2021-01-18,65.391311293314,"Observed"
"1141",2021-01-25,53.827950146313,"Observed"
"1142",2021-02-01,50.688706397812,"Observed"
"1143",2021-02-08,31.714042,"Observed"
"1144",2021-02-15,27.2067792,"Observed"
"1145",2020-04-20,1.3633728025304,"Observed"
"1146",2020-04-27,0.21386240039693,"Observed"
"1147",2020-05-04,0.093564800173656,"Observed"
"1148",2020-05-11,0.053465600099232,"Observed"
"1149",2020-05-18,0.14703040027289,"Observed"
"1150",2020-05-25,0.1603968002977,"Observed"
"1151",2020-06-01,0.53465600099232,"Observed"
"1152",2020-06-08,0.41435840076905,"Observed"
"1153",2020-06-15,0.8287168015381,"Observed"
"1154",2020-06-22,1.6440672030514,"Observed"
"1155",2020-06-29,2.7000128,"Observed"
"1156",2020-07-06,4.4376448,"Observed"
"1157",2020-07-13,8.01984,"Observed"
"1158",2020-07-20,9.9980672,"Observed"
"1159",2020-07-27,10.158464,"Observed"
"1160",2020-08-03,11.3881728,"Observed"
"1161",2020-08-10,10.4792576,"Observed"
"1162",2020-08-17,10.35896,"Observed"
"1163",2020-08-24,9.3163808,"Observed"
"1164",2020-08-31,12.4574848,"Observed"
"1165",2020-09-07,11.962928,"Observed"
"1166",2020-09-14,10.5728224,"Observed"
"1167",2020-09-21,17.670380832796,"Observed"
"1168",2020-09-28,26.5189376,"Observed"
"1169",2020-10-05,32.5338177,"Observed"
"1170",2020-10-12,57.181459306129,"Observed"
"1171",2020-10-19,57.0076961,"Observed"
"1172",2020-10-26,68.1953729,"Observed"
"1173",2020-11-02,76.362243341728,"Observed"
"1174",2020-11-09,77.070662543043,"Observed"
"1175",2020-11-16,107.63961939978,"Observed"
"1176",2020-11-23,111.6896386073,"Observed"
"1177",2020-11-30,77.765715344333,"Observed"
"1178",2020-12-07,85.384563358474,"Observed"
"1179",2020-12-14,62.648316916275,"Observed"
"1180",2020-12-21,54.0002561,"Observed"
"1181",2020-12-28,35.8754177,"Observed"
"1182",2021-01-04,35.420960065741,"Observed"
"1183",2021-01-11,53.545798499381,"Observed"
"1184",2021-01-18,39.043254472464,"Observed"
"1185",2021-01-25,29.8605377,"Observed"
"1186",2021-02-01,30.2347969,"Observed"
"1187",2021-02-08,24.6476416,"Observed"
"1188",2021-02-15,21.7471328,"Observed"
"1189",2020-04-20,2.5906951709605,"Observed"
"1190",2020-04-27,2.7214558105043,"Observed"
"1191",2020-05-04,4.311014834958,"Observed"
"1192",2020-05-11,4.3491533548249,"Observed"
"1193",2020-05-18,5.4252044510704,"Observed"
"1194",2020-05-25,6.68922396666,"Observed"
"1195",2020-06-01,7.2476808647114,"Observed"
"1196",2020-06-08,9.679011506228,"Observed"
"1197",2020-06-15,11.897856108486,"Observed"
"1198",2020-06-22,11.579127049598,"Observed"
"1199",2020-06-29,13.4737942,"Observed"
"1200",2020-07-06,15.0415598,"Observed"
"1201",2020-07-13,17.707169938216,"Observed"
"1202",2020-07-20,18.4127326,"Observed"
"1203",2020-07-27,18.0994519,"Observed"
"1204",2020-08-03,16.614773762028,"Observed"
"1205",2020-08-10,14.0390616,"Observed"
"1206",2020-08-17,13.4070518,"Observed"
"1207",2020-08-24,14.8195391,"Observed"
"1208",2020-08-31,14.8644881,"Observed"
"1209",2020-09-07,14.4517748,"Observed"
"1210",2020-09-14,10.7073895,"Observed"
"1211",2020-09-21,11.6799217,"Observed"
"1212",2020-09-28,18.8935503,"Observed"
"1213",2020-10-05,15.6667591,"Observed"
"1214",2020-10-12,17.7303255,"Observed"
"1215",2020-10-19,19.6508724,"Observed"
"1216",2020-10-26,18.2193158,"Observed"
"1217",2020-11-02,15.303081096604,"Observed"
"1218",2020-11-09,29.836581345894,"Observed"
"1219",2020-11-16,25.541911590879,"Observed"
"1220",2020-11-23,34.846348348414,"Observed"
"1221",2020-11-30,34.482670319683,"Observed"
"1222",2020-12-07,48.388247081164,"Observed"
"1223",2020-12-14,56.29654159357,"Observed"
"1224",2020-12-21,58.655681465339,"Observed"
"1225",2020-12-28,49.4329701,"Observed"
"1226",2021-01-04,67.276349,"Observed"
"1227",2021-01-11,80.38510315952,"Observed"
"1228",2021-01-18,67.349901905003,"Observed"
"1229",2021-01-25,61.123788536727,"Observed"
"1230",2021-02-01,51.564640950081,"Observed"
"1231",2021-02-08,51.7280917,"Observed"
"1232",2021-02-15,34.1516825,"Observed"
"1233",2020-04-20,5.5488548550793,"Observed"
"1234",2020-04-27,5.8862852178882,"Observed"
"1235",2020-05-04,5.3239012798734,"Observed"
"1236",2020-05-11,5.4363780674763,"Observed"
"1237",2020-05-18,7.7234060820698,"Observed"
"1238",2020-05-25,8.9044123519009,"Observed"
"1239",2020-06-01,4.1616411413095,"Observed"
"1240",2020-06-08,4.7802634731257,"Observed"
"1241",2020-06-15,4.1616411413095,"Observed"
"1242",2020-06-22,3.9741798286379,"Observed"
"1243",2020-06-29,4.2366256663781,"Observed"
"1244",2020-07-06,5.8113006928195,"Observed"
"1245",2020-07-13,11.116455841426,"Observed"
"1246",2020-07-20,12.8223538,"Observed"
"1247",2020-07-27,16.1216729,"Observed"
"1248",2020-08-03,14.9781589,"Observed"
"1249",2020-08-10,17.3964098,"Observed"
"1250",2020-08-17,17.5088866,"Observed"
"1251",2020-08-24,25.3635156,"Observed"
"1252",2020-08-31,34.0429744,"Observed"
"1253",2020-09-07,37.2110706,"Observed"
"1254",2020-09-14,38.0546465,"Observed"
"1255",2020-09-21,45.2344147,"Observed"
"1256",2020-09-28,51.3456535,"Observed"
"1257",2020-10-05,53.9701119,"Observed"
"1258",2020-10-12,72.6225125,"Observed"
"1259",2020-10-19,91.8747893,"Observed"
"1260",2020-10-26,104.959589,"Observed"
"1261",2020-11-02,167.77787484108,"Observed"
"1262",2020-11-09,155.01175944814,"Observed"
"1263",2020-11-16,196.49694794237,"Observed"
"1264",2020-11-23,158.62976278271,"Observed"
"1265",2020-11-30,79.802280804299,"Observed"
"1266",2020-12-07,87.488194623834,"Observed"
"1267",2020-12-14,88.912900600139,"Observed"
"1268",2020-12-21,38.4295691,"Observed"
"1269",2020-12-28,26.563268,"Observed"
"1270",2021-01-04,31.924661547973,"Observed"
"1271",2021-01-11,24.6511626,"Observed"
"1272",2021-01-18,25.8696611,"Observed"
"1273",2021-01-25,17.6776018,"Observed"
"1274",2021-02-01,15.1281279,"Observed"
"1275",2021-02-08,9.8417189,"Observed"
"1276",2021-02-15,5.2676629,"Observed"
"1277",2020-04-20,3.4045115020793,"Observed"
"1278",2020-04-27,11.720086233839,"Observed"
"1279",2020-05-04,22.952758673455,"Observed"
"1280",2020-05-11,17.738908086756,"Observed"
"1281",2020-05-18,15.264913828195,"Observed"
"1282",2020-05-25,12.635833362381,"Observed"
"1283",2020-06-01,14.496867849418,"Observed"
"1284",2020-06-08,10.590172438138,"Observed"
"1285",2020-06-15,8.1900287544598,"Observed"
"1286",2020-06-22,8.1014080646009,"Observed"
"1287",2020-06-29,8.1087931,"Observed"
"1288",2020-07-06,7.4810632,"Observed"
"1289",2020-07-13,10.3686207,"Observed"
"1290",2020-07-20,10.6197127,"Observed"
"1291",2020-07-27,15.028592,"Observed"
"1292",2020-08-03,13.3078736,"Observed"
"1293",2020-08-10,12.8278449,"Observed"
"1294",2020-08-17,14.1940805,"Observed"
"1295",2020-08-24,12.2665805,"Observed"
"1296",2020-08-31,16.8083908,"Observed"
"1297",2020-09-07,12.3847414,"Observed"
"1298",2020-09-14,19.5704023,"Observed"
"1299",2020-09-21,19.8141092,"Observed"
"1300",2020-09-28,22.9749138,"Observed"
"1301",2020-10-05,26.822528797293,"Observed"
"1302",2020-10-12,33.4321552,"Observed"
"1303",2020-10-19,44.0887932,"Observed"
"1304",2020-10-26,41.5335633,"Observed"
"1305",2020-11-02,59.516178297738,"Observed"
"1306",2020-11-09,94.285028952379,"Observed"
"1307",2020-11-16,117.61442555773,"Observed"
"1308",2020-11-23,104.6979600108,"Observed"
"1309",2020-11-30,91.589482969171,"Observed"
"1310",2020-12-07,93.5317531,"Observed"
"1311",2020-12-14,60.1069829,"Observed"
"1312",2020-12-21,57.2268105,"Observed"
"1313",2020-12-28,42.102212740465,"Observed"
"1314",2021-01-04,49.5094254,"Observed"
"1315",2021-01-11,52.1311208,"Observed"
"1316",2021-01-18,40.5735058,"Observed"
"1317",2021-01-25,40.728592,"Observed"
"1318",2021-02-01,23.4549426,"Observed"
"1319",2021-02-08,21.1655748,"Observed"
"1320",2021-02-15,23.4992529,"Observed"
"1321",2020-04-20,4.4967538795271,"Observed"
"1322",2020-04-27,5.1376463717027,"Observed"
"1323",2020-05-04,6.8501951622703,"Observed"
"1324",2020-05-11,5.9991739841355,"Observed"
"1325",2020-05-18,5.1796721088946,"Observed"
"1326",2020-05-25,5.7260066923885,"Observed"
"1327",2020-06-01,5.1166335031068,"Observed"
"1328",2020-06-08,4.1395351133965,"Observed"
"1329",2020-06-15,2.7842050889596,"Observed"
"1330",2020-06-22,2.2588833740615,"Observed"
"1331",2020-06-29,2.122299728188,"Observed"
"1332",2020-07-06,1.6179909,"Observed"
"1333",2020-07-13,1.6179909,"Observed"
"1334",2020-07-20,1.9016646,"Observed"
"1335",2020-07-27,2.0172354,"Observed"
"1336",2020-08-03,2.3009091112534,"Observed"
"1337",2020-08-10,1.8911581736329,"Observed"
"1338",2020-08-17,1.7230552248655,"Observed"
"1339",2020-08-24,1.3658364587349,"Observed"
"1340",2020-08-31,1.2607721157553,"Observed"
"1341",2020-09-07,2.3324284141473,"Observed"
"1342",2020-09-14,2.5005313629146,"Observed"
"1343",2020-09-21,2.4479991914248,"Observed"
"1344",2020-09-28,2.7421794,"Observed"
"1345",2020-10-05,4.5913118,"Observed"
"1346",2020-10-12,5.9151225097518,"Observed"
"1347",2020-10-19,5.6524616523028,"Observed"
"1348",2020-10-26,6.8396887279723,"Observed"
"1349",2020-11-02,9.6974388570176,"Observed"
"1350",2020-11-09,14.488372896888,"Observed"
"1351",2020-11-16,36.037069642005,"Observed"
"1352",2020-11-23,20.098808811999,"Observed"
"1353",2020-11-30,31.01499404758,"Observed"
"1354",2020-12-07,50.662026184766,"Observed"
"1355",2020-12-14,63.658485411343,"Observed"
"1356",2020-12-21,49.033528868582,"Observed"
"1357",2020-12-28,53.876995079942,"Observed"
"1358",2021-01-04,59.445405257861,"Observed"
"1359",2021-01-11,52.311536369546,"Observed"
"1360",2021-01-18,47.877821095806,"Observed"
"1361",2021-01-25,62.029988095159,"Observed"
"1362",2021-02-01,34.56616884029,"Observed"
"1363",2021-02-08,25.8668412,"Observed"
"1364",2021-02-15,26.5602659,"Observed"
"1365",2020-04-20,38.708278669369,"Observed"
"1366",2020-04-27,36.599725325141,"Observed"
"1367",2020-05-04,27.00588802665,"Observed"
"1368",2020-05-11,18.779152438757,"Observed"
"1369",2020-05-18,13.018024994801,"Observed"
"1370",2020-05-25,11.343727488057,"Observed"
"1371",2020-06-01,8.1173674510453,"Observed"
"1372",2020-06-08,6.9336182051627,"Observed"
"1373",2020-06-15,4.2058482037811,"Observed"
"1374",2020-06-22,3.7056498,"Observed"
"1375",2020-06-29,3.0606995,"Observed"
"1376",2020-07-06,3.7619422,"Observed"
"1377",2020-07-13,3.0735663,"Observed"
"1378",2020-07-20,2.3176395,"Observed"
"1379",2020-07-27,4.5822033,"Observed"
"1380",2020-08-03,4.5066105801127,"Observed"
"1381",2020-08-10,3.8873939229595,"Observed"
"1382",2020-08-17,4.4004592,"Observed"
"1383",2020-08-24,3.1395089,"Observed"
"1384",2020-08-31,3.6043235,"Observed"
"1385",2020-09-07,3.9083025,"Observed"
"1386",2020-09-14,4.1463391,"Observed"
"1387",2020-09-21,5.1242189,"Observed"
"1388",2020-09-28,6.3578271317579,"Observed"
"1389",2020-10-05,7.4080829164879,"Observed"
"1390",2020-10-12,8.6593830704236,"Observed"
"1391",2020-10-19,11.432187010507,"Observed"
"1392",2020-10-26,13.637241651954,"Observed"
"1393",2020-11-02,18.195319590584,"Observed"
"1394",2020-11-09,25.180405154263,"Observed"
"1395",2020-11-16,39.951537048537,"Observed"
"1396",2020-11-23,45.186732422651,"Observed"
"1397",2020-11-30,44.577165895219,"Observed"
"1398",2020-12-07,55.126366036175,"Observed"
"1399",2020-12-14,54.473373924996,"Observed"
"1400",2020-12-21,48.757280419742,"Observed"
"1401",2020-12-28,45.358826402691,"Observed"
"1402",2021-01-04,130.50192093874,"Observed"
"1403",2021-01-11,72.366322784294,"Observed"
"1404",2021-01-18,65.815493058099,"Observed"
"1405",2021-01-25,57.710992446683,"Observed"
"1406",2021-02-01,53.706188612107,"Observed"
"1407",2021-02-08,39.2197355,"Observed"
"1408",2021-02-15,36.5225243,"Observed"
"1409",2020-04-20,4.2649434659942,"Observed"
"1410",2020-04-27,5.8046834393403,"Observed"
"1411",2020-05-04,8.2164885303339,"Observed"
"1412",2020-05-11,6.8470737752782,"Observed"
"1413",2020-05-18,7.1945372205908,"Observed"
"1414",2020-05-25,6.34972413787,"Observed"
"1415",2020-06-01,5.2664557495424,"Observed"
"1416",2020-06-08,8.6116430367678,"Observed"
"1417",2020-06-15,5.3550248630534,"Observed"
"1418",2020-06-22,5.7706183956822,"Observed"
"1419",2020-06-29,8.7887813,"Observed"
"1420",2020-07-06,10.389838315721,"Observed"
"1421",2020-07-13,12.1544076,"Observed"
"1422",2020-07-20,13.1082288,"Observed"
"1423",2020-07-27,15.581351,"Observed"
"1424",2020-08-03,11.0915782,"Observed"
"1425",2020-08-10,8.9522934733488,"Observed"
"1426",2020-08-17,7.1945372,"Observed"
"1427",2020-08-24,6.6018055,"Observed"
"1428",2020-08-31,6.0158867100206,"Observed"
"1429",2020-09-07,5.3959029,"Observed"
"1430",2020-09-14,4.7554801,"Observed"
"1431",2020-09-21,5.7297403,"Observed"
"1432",2020-09-28,8.8705374,"Observed"
"1433",2020-10-05,11.2210254,"Observed"
"1434",2020-10-12,18.599513837323,"Observed"
"1435",2020-10-19,26.843254402583,"Observed"
"1436",2020-10-26,35.993125129149,"Observed"
"1437",2020-11-02,37.59418218108,"Observed"
"1438",2020-11-09,55.771289477042,"Observed"
"1439",2020-11-16,62.441225025298,"Observed"
"1440",2020-11-23,127.36238522891,"Observed"
"1441",2020-11-30,88.194398030822,"Observed"
"1442",2020-12-07,87.574414236245,"Observed"
"1443",2020-12-14,77.341275121352,"Observed"
"1444",2020-12-21,64.778087020244,"Observed"
"1445",2020-12-28,53.495744560681,"Observed"
"1446",2021-01-04,58.973403580904,"Observed"
"1447",2021-01-11,66.576721325392,"Observed"
"1448",2021-01-18,48.883337649374,"Observed"
"1449",2021-01-25,37.021889447624,"Observed"
"1450",2021-02-01,33.070344383284,"Observed"
"1451",2021-02-08,22.605563,"Observed"
"1452",2021-02-15,19.7100343,"Observed"
"1453",2020-04-20,5.5238389595481,"Observed"
"1454",2020-04-27,4.2252034358928,"Observed"
"1455",2020-05-04,3.5434197859737,"Observed"
"1456",2020-05-11,3.0981733207205,"Observed"
"1457",2020-05-18,3.4552980897257,"Observed"
"1458",2020-05-25,4.9672808779815,"Observed"
"1459",2020-06-01,3.399642281569,"Observed"
"1460",2020-06-08,4.9951087820598,"Observed"
"1461",2020-06-15,6.9245101314906,"Observed"
"1462",2020-06-22,10.685915166078,"Observed"
"1463",2020-06-29,20.003625048305,"Observed"
"1464",2020-07-06,23.259489825469,"Observed"
"1465",2020-07-13,26.0005384,"Observed"
"1466",2020-07-20,38.0221929,"Observed"
"1467",2020-07-27,33.0131702,"Observed"
"1468",2020-08-03,33.9964228,"Observed"
"1469",2020-08-10,26.9513251,"Observed"
"1470",2020-08-17,23.1667301,"Observed"
"1471",2020-08-24,18.7513694,"Observed"
"1472",2020-08-31,14.7766171,"Observed"
"1473",2020-09-07,12.6106785,"Observed"
"1474",2020-09-14,8.427217,"Observed"
"1475",2020-09-21,10.6859152,"Observed"
"1476",2020-09-28,14.4194923,"Observed"
"1477",2020-10-05,14.92503255401,"Observed"
"1478",2020-10-12,17.981464018613,"Observed"
"1479",2020-10-19,21.1955869,"Observed"
"1480",2020-10-26,24.8966982,"Observed"
"1481",2020-11-02,27.150758412422,"Observed"
"1482",2020-11-09,40.308719057458,"Observed"
"1483",2020-11-16,49.617152971658,"Observed"
"1484",2020-11-23,64.551461493694,"Observed"
"1485",2020-11-30,69.769193508381,"Observed"
"1486",2020-12-07,83.237899082291,"Observed"
"1487",2020-12-14,83.140501418017,"Observed"
"1488",2020-12-21,73.321889262381,"Observed"
"1489",2020-12-28,53.661475031042,"Observed"
"1490",2021-01-04,63.192532177869,"Observed"
"1491",2021-01-11,85.260060111983,"Observed"
"1492",2021-01-18,51.74598763365,"Observed"
"1493",2021-01-25,42.655538968063,"Observed"
"1494",2021-02-01,37.832035594487,"Observed"
"1495",2021-02-08,22.5498783,"Observed"
"1496",2021-02-15,19.8412956,"Observed"
"1497",2020-04-20,38.539400134946,"Observed"
"1498",2020-04-27,32.717476690845,"Observed"
"1499",2020-05-04,19.79586153918,"Observed"
"1500",2020-05-11,13.293196037476,"Observed"
"1501",2020-05-18,10.512948540079,"Observed"
"1502",2020-05-25,8.3664447273763,"Observed"
"1503",2020-06-01,6.570225662761,"Observed"
"1504",2020-06-08,5.2050697996702,"Observed"
"1505",2020-06-15,3.7782285721365,"Observed"
"1506",2020-06-22,3.336884476538,"Observed"
"1507",2020-06-29,3.2546373239473,"Observed"
"1508",2020-07-06,3.7268241,"Observed"
"1509",2020-07-13,3.134204,"Observed"
"1510",2020-07-20,3.7180119068468,"Observed"
"1511",2020-07-27,3.6849661758952,"Observed"
"1512",2020-08-03,3.4507087,"Observed"
"1513",2020-08-10,3.1525627,"Observed"
"1514",2020-08-17,3.3633210612993,"Observed"
"1515",2020-08-24,3.1055643598766,"Observed"
"1516",2020-08-31,3.3860858981771,"Observed"
"1517",2020-09-07,3.8663505213408,"Observed"
"1518",2020-09-14,3.6181403644152,"Observed"
"1519",2020-09-21,4.0572814112836,"Observed"
"1520",2020-09-28,4.3965509157203,"Observed"
"1521",2020-10-05,6.6495354170449,"Observed"
"1522",2020-10-12,7.1966258516885,"Observed"
"1523",2020-10-19,7.3170591822678,"Observed"
"1524",2020-10-26,8.3539607845723,"Observed"
"1525",2020-11-02,10.80448532203,"Observed"
"1526",2020-11-09,15.283283390341,"Observed"
"1527",2020-11-16,23.139355161909,"Observed"
"1528",2020-11-23,28.221054232693,"Observed"
"1529",2020-11-30,33.677271587596,"Observed"
"1530",2020-12-07,47.842140572618,"Observed"
"1531",2020-12-14,52.193896164159,"Observed"
"1532",2020-12-21,53.493694914924,"Observed"
"1533",2020-12-28,55.4455960898,"Observed"
"1534",2021-01-04,70.358032943906,"Observed"
"1535",2021-01-11,82.095876577925,"Observed"
"1536",2021-01-18,77.414398026444,"Observed"
"1537",2021-01-25,68.599265707703,"Observed"
"1538",2021-02-01,58.8250728,"Observed"
"1539",2021-02-08,44.1020982,"Observed"
"1540",2021-02-15,41.7947718,"Observed"
"1541",2020-04-20,7.2643989455378,"Observed"
"1542",2020-04-27,4.1687188430736,"Observed"
"1543",2020-05-04,5.0706580122874,"Observed"
"1544",2020-05-11,5.2527568418441,"Observed"
"1545",2020-05-18,4.4913637491338,"Observed"
"1546",2020-05-25,4.9215569572141,"Observed"
"1547",2020-06-01,4.2835999838678,"Observed"
"1548",2020-06-08,3.4904312564697,"Observed"
"1549",2020-06-15,3.3498851799662,"Observed"
"1550",2020-06-22,4.8421178704947,"Observed"
"1551",2020-06-29,6.7339903,"Observed"
"1552",2020-07-06,8.4449859881672,"Observed"
"1553",2020-07-13,10.8733778,"Observed"
"1554",2020-07-20,11.3842322,"Observed"
"1555",2020-07-27,11.0102574,"Observed"
"1556",2020-08-03,10.7377202,"Observed"
"1557",2020-08-10,9.4935819,"Observed"
"1558",2020-08-17,8.9595068,"Observed"
"1559",2020-08-24,8.0526791137531,"Observed"
"1560",2020-08-31,9.1733813,"Observed"
"1561",2020-09-07,9.9958814,"Observed"
"1562",2020-09-14,8.7358553,"Observed"
"1563",2020-09-21,8.165116,"Observed"
"1564",2020-09-28,8.1113418,"Observed"
"1565",2020-10-05,9.975105,"Observed"
"1566",2020-10-12,12.484158,"Observed"
"1567",2020-10-19,16.4316696,"Observed"
"1568",2020-10-26,20.296075586902,"Observed"
"1569",2020-11-02,26.493546490809,"Observed"
"1570",2020-11-09,40.410052344247,"Observed"
"1571",2020-11-16,61.58362430445,"Observed"
"1572",2020-11-23,70.809557622058,"Observed"
"1573",2020-11-30,70.589572458835,"Observed"
"1574",2020-12-07,77.280787840198,"Observed"
"1575",2020-12-14,105.47677506639,"Observed"
"1576",2020-12-21,71.803157275948,"Observed"
"1577",2020-12-28,55.839567264741,"Observed"
"1578",2021-01-04,64.014460358063,"Observed"
"1579",2021-01-11,70.314591004807,"Observed"
"1580",2021-01-18,56.351643839132,"Observed"
"1581",2021-01-25,45.9390128,"Observed"
"1582",2021-02-01,37.1823811,"Observed"
"1583",2021-02-08,28.1874322,"Observed"
"1584",2021-02-15,23.3697572,"Observed"
"1585",2020-04-20,1.0614179381148,"Observed"
"1586",2020-04-27,3.3358849483608,"Observed"
"1587",2020-05-04,2.7582425330602,"Observed"
"1588",2020-05-11,2.021748453552,"Observed"
"1589",2020-05-18,2.8593299557378,"Observed"
"1590",2020-05-25,2.5019137112706,"Observed"
"1591",2020-06-01,1.5812961118853,"Observed"
"1592",2020-06-08,2.4477597348361,"Observed"
"1593",2020-06-15,4.353979705328,"Observed"
"1594",2020-06-22,8.3794252869538,"Observed"
"1595",2020-06-29,8.8162674,"Observed"
"1596",2020-07-06,11.5167457,"Observed"
"1597",2020-07-13,15.8237919,"Observed"
"1598",2020-07-20,16.9249228,"Observed"
"1599",2020-07-27,25.6148309,"Observed"
"1600",2020-08-03,21.9251399,"Observed"
"1601",2020-08-10,19.354631177665,"Observed"
"1602",2020-08-17,17.1415387,"Observed"
"1603",2020-08-24,17.3689854,"Observed"
"1604",2020-08-31,18.8130914,"Observed"
"1605",2020-09-07,19.8095246,"Observed"
"1606",2020-09-14,21.6724214,"Observed"
"1607",2020-09-21,27.7448873,"Observed"
"1608",2020-09-28,26.3043915,"Observed"
"1609",2020-10-05,24.5064795,"Observed"
"1610",2020-10-12,29.6113943,"Observed"
"1611",2020-10-19,28.4813813,"Observed"
"1612",2020-10-26,33.6440604,"Observed"
"1613",2020-11-02,28.163678010998,"Observed"
"1614",2020-11-09,47.857674107652,"Observed"
"1615",2020-11-16,66.45775988033,"Observed"
"1616",2020-11-23,75.876941514825,"Observed"
"1617",2020-11-30,71.732357185043,"Observed"
"1618",2020-12-07,74.512261308677,"Observed"
"1619",2020-12-14,77.198298539825,"Observed"
"1620",2020-12-21,85.44414401824,"Observed"
"1621",2020-12-28,69.154627906764,"Observed"
"1622",2021-01-04,87.31065107268,"Observed"
"1623",2021-01-11,102.80590886312,"Observed"
"1624",2021-01-18,77.851756522133,"Observed"
"1625",2021-01-25,65.1327926,"Observed"
"1626",2021-02-01,57.8220058,"Observed"
"1627",2021-02-08,50.9986047,"Observed"
"1628",2021-02-15,33.5104806,"Observed"
"1629",2020-04-20,1.2565980287533,"Observed"
"1630",2020-04-27,1.3514356158291,"Observed"
"1631",2020-05-04,1.375145012598,"Observed"
"1632",2020-05-11,1.7714306443073,"Observed"
"1633",2020-05-18,1.3480485591478,"Observed"
"1634",2020-05-25,0.8975700205381,"Observed"
"1635",2020-06-01,1.2057921785342,"Observed"
"1636",2020-06-08,2.0898139723472,"Observed"
"1637",2020-06-15,3.0517380698295,"Observed"
"1638",2020-06-22,4.2778525884514,"Observed"
"1639",2020-06-29,4.7520405,"Observed"
"1640",2020-07-06,6.4692783,"Observed"
"1641",2020-07-13,6.9197568,"Observed"
"1642",2020-07-20,8.1594195451935,"Observed"
"1643",2020-07-27,7.590394,"Observed"
"1644",2020-08-03,7.7157151,"Observed"
"1645",2020-08-10,7.1873343,"Observed"
"1646",2020-08-17,6.6487923,"Observed"
"1647",2020-08-24,5.7715446,"Observed"
"1648",2020-08-31,5.2770343,"Observed"
"1649",2020-09-07,5.0026827,"Observed"
"1650",2020-09-14,4.3828513,"Observed"
"1651",2020-09-21,5.1178426,"Observed"
"1652",2020-09-28,6.7707263,"Observed"
"1653",2020-10-05,6.9604015,"Observed"
"1654",2020-10-12,8.189903055325,"Observed"
"1655",2020-10-19,7.8816809,"Observed"
"1656",2020-10-26,8.9486038,"Observed"
"1657",2020-11-02,11.993567708398,"Observed"
"1658",2020-11-09,17.538179495646,"Observed"
"1659",2020-11-16,21.985384918161,"Observed"
"1660",2020-11-23,29.423361390243,"Observed"
"1661",2020-11-30,30.815441686248,"Observed"
"1662",2020-12-07,35.079746047974,"Observed"
"1663",2020-12-14,19.075903228945,"Observed"
"1664",2020-12-21,41.775957106856,"Observed"
"1665",2020-12-28,23.001501922544,"Observed"
"1666",2021-01-04,26.784844235529,"Observed"
"1667",2021-01-11,27.621447235804,"Observed"
"1668",2021-01-18,15.753200624614,"Observed"
"1669",2021-01-25,24.823738417071,"Observed"
"1670",2021-02-01,16.213840333267,"Observed"
"1671",2021-02-08,13.7040313,"Observed"
"1672",2021-02-15,7.3092683,"Observed"
"1673",2020-04-20,10.082138687311,"Observed"
"1674",2020-04-27,9.8388729171024,"Observed"
"1675",2020-05-04,8.96735655686,"Observed"
"1676",2020-05-11,7.8748923869788,"Observed"
"1677",2020-05-18,6.5938414502845,"Observed"
"1678",2020-05-25,5.7256727841275,"Observed"
"1679",2020-06-01,4.5740660187368,"Observed"
"1680",2020-06-08,4.0864185802914,"Observed"
"1681",2020-06-15,3.540744444365,"Observed"
"1682",2020-06-22,3.4269228454601,"Observed"
"1683",2020-06-29,4.2426443,"Observed"
"1684",2020-07-06,4.8162159,"Observed"
"1685",2020-07-13,6.0682535,"Observed"
"1686",2020-07-20,6.6909245787622,"Observed"
"1687",2020-07-27,7.2823505,"Observed"
"1688",2020-08-03,6.5737553,"Observed"
"1689",2020-08-10,5.9120277548836,"Observed"
"1690",2020-08-17,6.0158063,"Observed"
"1691",2020-08-24,5.1666079,"Observed"
"1692",2020-08-31,5.0784519,"Observed"
"1693",2020-09-07,6.5146127,"Observed"
"1694",2020-09-14,5.8026697,"Observed"
"1695",2020-09-21,6.4152978,"Observed"
"1696",2020-09-28,6.7110107,"Observed"
"1697",2020-10-05,8.2364433,"Observed"
"1698",2020-10-12,10.1513244,"Observed"
"1699",2020-10-19,11.171255163107,"Observed"
"1700",2020-10-26,13.813701694546,"Observed"
"1701",2020-11-02,18.19136966027,"Observed"
"1702",2020-11-09,24.884526035089,"Observed"
"1703",2020-11-16,39.410170671805,"Observed"
"1704",2020-11-23,49.978840899533,"Observed"
"1705",2020-11-30,52.533131486722,"Observed"
"1706",2020-12-07,72.044608514684,"Observed"
"1707",2020-12-14,82.137906182279,"Observed"
"1708",2020-12-21,71.351635838998,"Observed"
"1709",2020-12-28,55.987951782894,"Observed"
"1710",2021-01-04,57.285741190016,"Observed"
"1711",2021-01-11,68.035186898357,"Observed"
"1712",2021-01-18,51.041175822645,"Observed"
"1713",2021-01-25,40.2169649,"Observed"
"1714",2021-02-01,42.6630134,"Observed"
"1715",2021-02-08,27.0527159,"Observed"
"1716",2021-02-15,29.6326721,"Observed"
"1717",2020-04-20,28.507751370874,"Observed"
"1718",2020-04-27,32.378009007317,"Observed"
"1719",2020-05-04,25.959045122484,"Observed"
"1720",2020-05-11,27.307566947029,"Observed"
"1721",2020-05-18,18.258985504334,"Observed"
"1722",2020-05-25,17.126227171717,"Observed"
"1723",2020-06-01,12.487312095283,"Observed"
"1724",2020-06-08,8.7788770777856,"Observed"
"1725",2020-06-15,6.0818334286963,"Observed"
"1726",2020-06-22,4.9355898778334,"Observed"
"1727",2020-06-29,4.1129915648611,"Observed"
"1728",2020-07-06,3.0611445417163,"Observed"
"1729",2020-07-13,6.6886682497414,"Observed"
"1730",2020-07-20,5.6233360083511,"Observed"
"1731",2020-07-27,-8.2664387844586,"Observed"
"1732",2020-08-03,8.8732736055037,"Observed"
"1733",2020-08-10,8.4687170581403,"Observed"
"1734",2020-08-17,9.2643449346216,"Observed"
"1735",2020-08-24,8.3068944391949,"Observed"
"1736",2020-08-31,9.4396527718124,"Observed"
"1737",2020-09-07,8.3203796574404,"Observed"
"1738",2020-09-14,8.158557038495,"Observed"
"1739",2020-09-21,7.7405152728862,"Observed"
"1740",2020-09-28,9.2104040616399,"Observed"
"1741",2020-10-05,6.5942717220233,"Observed"
"1742",2020-10-12,12.595193841247,"Observed"
"1743",2020-10-19,16.398025386463,"Observed"
"1744",2020-10-26,21.252703954823,"Observed"
"1745",2020-11-02,33.780471704843,"Observed"
"1746",2020-11-09,38.810458110395,"Observed"
"1747",2020-11-16,50.13804143657,"Observed"
"1748",2020-11-23,74.087789040482,"Observed"
"1749",2020-11-30,87.060568992602,"Observed"
"1750",2020-12-07,78.227751041834,"Observed"
"1751",2020-12-14,117.91474833818,"Observed"
"1752",2020-12-21,110.36302612073,"Observed"
"1753",2020-12-28,81.491173857232,"Observed"
"1754",2021-01-04,65.457249363397,"Observed"
"1755",2021-01-11,90.701577918872,"Observed"
"1756",2021-01-18,101.85385340786,"Observed"
"1757",2021-01-25,77.620916220789,"Observed"
"1758",2021-02-01,66.45515551356,"Observed"
"1759",2021-02-08,54.1701217,"Observed"
"1760",2021-02-15,40.1320095,"Observed"
"1761",2020-04-20,2.7635194785672,"Observed"
"1762",2020-04-27,3.2657253275839,"Observed"
"1763",2020-05-04,3.1547406095691,"Observed"
"1764",2020-05-11,2.8634057247804,"Observed"
"1765",2020-05-18,3.2019091147254,"Observed"
"1766",2020-05-25,3.4488501123082,"Observed"
"1767",2020-06-01,5.4548988904247,"Observed"
"1768",2020-06-08,7.361061422328,"Observed"
"1769",2020-06-15,12.707750212688,"Observed"
"1770",2020-06-22,17.416276874464,"Observed"
"1771",2020-06-29,24.674677432628,"Observed"
"1772",2020-07-06,32.4658046,"Observed"
"1773",2020-07-13,32.6184086,"Observed"
"1774",2020-07-20,36.65270312437,"Observed"
"1775",2020-07-27,30.1268017,"Observed"
"1776",2020-08-03,28.6701273,"Observed"
"1777",2020-08-10,24.2917802,"Observed"
"1778",2020-08-17,16.0761364,"Observed"
"1779",2020-08-24,15.5323113,"Observed"
"1780",2020-08-31,17.8713142,"Observed"
"1781",2020-09-07,18.3540977,"Observed"
"1782",2020-09-14,19.6248728,"Observed"
"1783",2020-09-21,15.1050201,"Observed"
"1784",2020-09-28,23.1153421,"Observed"
"1785",2020-10-05,15.8264208,"Observed"
"1786",2020-10-12,16.3591474,"Observed"
"1787",2020-10-19,18.184846,"Observed"
"1788",2020-10-26,19.1198923,"Observed"
"1789",2020-11-02,20.576566719934,"Observed"
"1790",2020-11-09,20.715297617452,"Observed"
"1791",2020-11-16,25.318388797114,"Observed"
"1792",2020-11-23,33.42027321219,"Observed"
"1793",2020-11-30,27.565829336912,"Observed"
"1794",2020-12-07,47.626317118078,"Observed"
"1795",2020-12-14,55.836411633218,"Observed"
"1796",2020-12-21,58.147668385875,"Observed"
"1797",2020-12-28,61.921148798377,"Observed"
"1798",2021-01-04,76.085573435009,"Observed"
"1799",2021-01-11,89.292754878763,"Observed"
"1800",2021-01-18,93.809832901963,"Observed"
"1801",2021-01-25,83.108131467392,"Observed"
"1802",2021-02-01,67.975365166081,"Observed"
"1803",2021-02-08,62.3928338,"Observed"
"1804",2021-02-15,57.198749,"Observed"
"1805",2020-04-20,12.418021277932,"Observed"
"1806",2020-04-27,9.8342977350595,"Observed"
"1807",2020-05-04,6.8307191164699,"Observed"
"1808",2020-05-11,15.276265447235,"Observed"
"1809",2020-05-18,6.6530881228974,"Observed"
"1810",2020-05-25,9.0107358557688,"Observed"
"1811",2020-06-01,7.2182776479008,"Observed"
"1812",2020-06-08,7.0406467,"Observed"
"1813",2020-06-15,7.3636120971874,"Observed"
"1814",2020-06-22,6.5239019457538,"Observed"
"1815",2020-06-29,6.3139744,"Observed"
"1816",2020-07-06,6.2816779,"Observed"
"1817",2020-07-13,6.766126,"Observed"
"1818",2020-07-20,6.766126,"Observed"
"1819",2020-07-27,8.0902843,"Observed"
"1820",2020-08-03,9.3014048,"Observed"
"1821",2020-08-10,10.383339,"Observed"
"1822",2020-08-17,11.2553457,"Observed"
"1823",2020-08-24,17.1979098,"Observed"
"1824",2020-08-31,33.6529991,"Observed"
"1825",2020-09-07,28.9215554,"Observed"
"1826",2020-09-14,24.2385565,"Observed"
"1827",2020-09-21,33.3946268,"Observed"
"1828",2020-09-28,46.3293928,"Observed"
"1829",2020-10-05,46.1840583,"Observed"
"1830",2020-10-12,69.8735736,"Observed"
"1831",2020-10-19,79.304164494051,"Observed"
"1832",2020-10-26,95.339398732005,"Observed"
"1833",2020-11-02,130.96248707936,"Observed"
"1834",2020-11-09,136.6143823294,"Observed"
"1835",2020-11-16,160.93368017669,"Observed"
"1836",2020-11-23,122.27471666645,"Observed"
"1837",2020-11-30,106.83696849779,"Observed"
"1838",2020-12-07,97.454822382732,"Observed"
"1839",2020-12-14,78.383712981903,"Observed"
"1840",2020-12-21,67.11221902612,"Observed"
"1841",2020-12-28,45.9095377,"Observed"
"1842",2021-01-04,36.9633949,"Observed"
"1843",2021-01-11,46.1517618,"Observed"
"1844",2021-01-18,34.8156747,"Observed"
"1845",2021-01-25,24.4646323,"Observed"
"1846",2021-02-01,18.4090302,"Observed"
"1847",2021-02-08,15.6961205,"Observed"
"1848",2021-02-15,17.6177649,"Observed"
"1849",2020-04-20,3.4076490907141,"Observed"
"1850",2020-04-27,5.6103835858166,"Observed"
"1851",2020-05-04,7.560002341216,"Observed"
"1852",2020-05-11,4.2109254877885,"Observed"
"1853",2020-05-18,5.1501731499927,"Observed"
"1854",2020-05-25,4.5958288,"Observed"
"1855",2020-06-01,6.0664103,"Observed"
"1856",2020-06-08,6.957545,"Observed"
"1857",2020-06-15,8.7314471,"Observed"
"1858",2020-06-22,9.0347676,"Observed"
"1859",2020-06-29,13.5322787,"Observed"
"1860",2020-07-06,20.0170621,"Observed"
"1861",2020-07-13,26.4767431,"Observed"
"1862",2020-07-20,29.1940766,"Observed"
"1863",2020-07-27,34.0723072,"Observed"
"1864",2020-08-03,35.0973213,"Observed"
"1865",2020-08-10,27.7757917,"Observed"
"1866",2020-08-17,22.654904636239,"Observed"
"1867",2020-08-24,20.625795,"Observed"
"1868",2020-08-31,21.60688,"Observed"
"1869",2020-09-07,21.2868245,"Observed"
"1870",2020-09-14,19.1719484,"Observed"
"1871",2020-09-21,21.201058,"Observed"
"1872",2020-09-28,19.5024632,"Observed"
"1873",2020-10-05,20.8496246,"Observed"
"1874",2020-10-12,29.2505569,"Observed"
"1875",2020-10-19,30.0789357,"Observed"
"1876",2020-10-26,37.239391720622,"Observed"
"1877",2020-11-02,30.785986291001,"Observed"
"1878",2020-11-09,48.384851730029,"Observed"
"1879",2020-11-16,65.178348906366,"Observed"
"1880",2020-11-23,53.660536817065,"Observed"
"1881",2020-11-30,62.695304418535,"Observed"
"1882",2020-12-07,71.623386873518,"Observed"
"1883",2020-12-14,116.92273681791,"Observed"
"1884",2020-12-21,135.86667184892,"Observed"
"1885",2020-12-28,79.946920165078,"Observed"
"1886",2021-01-04,93.000161617538,"Observed"
"1887",2021-01-11,94.439365162296,"Observed"
"1888",2021-01-18,63.498580815609,"Observed"
"1889",2021-01-25,47.430961,"Observed"
"1890",2021-02-01,39.2475827,"Observed"
"1891",2021-02-08,34.7584391,"Observed"
"1892",2021-02-15,27.1879774,"Observed"
"1893",2020-04-20,2.5841108752161,"Observed"
"1894",2020-04-27,2.8678950247155,"Observed"
"1895",2020-05-04,3.4009756666571,"Observed"
"1896",2020-05-11,3.7754130861355,"Observed"
"1897",2020-05-18,4.3035669199261,"Observed"
"1898",2020-05-25,3.6221893526384,"Observed"
"1899",2020-06-01,4.4055518486525,"Observed"
"1900",2020-06-08,5.258875,"Observed"
"1901",2020-06-15,6.8073708222804,"Observed"
"1902",2020-06-22,12.5480877,"Observed"
"1903",2020-06-29,18.8105535,"Observed"
"1904",2020-07-06,23.425002,"Observed"
"1905",2020-07-13,31.411358,"Observed"
"1906",2020-07-20,35.9390947,"Observed"
"1907",2020-07-27,26.8870701,"Observed"
"1908",2020-08-03,28.1813426,"Observed"
"1909",2020-08-10,24.4069149,"Observed"
"1910",2020-08-17,25.8238649,"Observed"
"1911",2020-08-24,18.6110178,"Observed"
"1912",2020-08-31,16.1254431,"Observed"
"1913",2020-09-07,13.5846881,"Observed"
"1914",2020-09-14,11.6159356,"Observed"
"1915",2020-09-21,17.5010079,"Observed"
"1916",2020-09-28,20.4157076,"Observed"
"1917",2020-10-05,14.9469506,"Observed"
"1918",2020-10-12,12.874242379461,"Observed"
"1919",2020-10-19,16.8334254,"Observed"
"1920",2020-10-26,19.104684,"Observed"
"1921",2020-11-02,21.031066,"Observed"
"1922",2020-11-09,25.4878566,"Observed"
"1923",2020-11-16,32.091750253375,"Observed"
"1924",2020-11-23,36.870754159875,"Observed"
"1925",2020-11-30,33.5426953,"Observed"
"1926",2020-12-07,45.0955677,"Observed"
"1927",2020-12-14,39.969716486874,"Observed"
"1928",2020-12-21,117.1535857,"Observed"
"1929",2020-12-28,45.5414438,"Observed"
"1930",2021-01-04,63.1079783,"Observed"
"1931",2021-01-11,77.9411196,"Observed"
"1932",2021-01-18,76.8404706,"Observed"
"1933",2021-01-25,60.1060741,"Observed"
"1934",2021-02-01,72.0279644,"Observed"
"1935",2021-02-08,47.4244699,"Observed"
"1936",2021-02-15,36.017431,"Observed"
"1937",2020-04-20,3.8187827609897,"Observed"
"1938",2020-04-27,4.5451090037451,"Observed"
"1939",2020-05-04,4.8347483030033,"Observed"
"1940",2020-05-11,4.656508734229,"Observed"
"1941",2020-05-18,4.5228290576483,"Observed"
"1942",2020-05-25,5.079827710068,"Observed"
"1943",2020-06-01,6.6527919045014,"Observed"
"1944",2020-06-08,10.54732648222,"Observed"
"1945",2020-06-15,9.3887692851871,"Observed"
"1946",2020-06-22,15.68508205214,"Observed"
"1947",2020-06-29,16.7411515,"Observed"
"1948",2020-07-06,16.959495,"Observed"
"1949",2020-07-13,20.8272936,"Observed"
"1950",2020-07-20,19.2142255,"Observed"
"1951",2020-07-27,17.4808457,"Observed"
"1952",2020-08-03,13.613047065138,"Observed"
"1953",2020-08-10,12.8510729,"Observed"
"1954",2020-08-17,11.233548822001,"Observed"
"1955",2020-08-24,10.9884694,"Observed"
"1956",2020-08-31,12.0757308,"Observed"
"1957",2020-09-07,13.1808161,"Observed"
"1958",2020-09-14,15.0345076,"Observed"
"1959",2020-09-21,26.5042239,"Observed"
"1960",2020-09-28,31.4548279,"Observed"
"1961",2020-10-05,32.497529376777,"Observed"
"1962",2020-10-12,36.343048073083,"Observed"
"1963",2020-10-19,38.713634337782,"Observed"
"1964",2020-10-26,46.872550598426,"Observed"
"1965",2020-11-02,51.791962696597,"Observed"
"1966",2020-11-09,75.867672448788,"Observed"
"1967",2020-11-16,94.003548571575,"Observed"
"1968",2020-11-23,105.30393723187,"Observed"
"1969",2020-11-30,72.681640156947,"Observed"
"1970",2020-12-07,97.675283688326,"Observed"
"1971",2020-12-14,81.237139458114,"Observed"
"1972",2020-12-21,67.66419629595,"Observed"
"1973",2020-12-28,69.250528458041,"Observed"
"1974",2021-01-04,87.756251686035,"Observed"
"1975",2021-01-11,94.368939687562,"Observed"
"1976",2021-01-18,77.650068136531,"Observed"
"1977",2021-01-25,54.911155150148,"Observed"
"1978",2021-02-01,44.3816526,"Observed"
"1979",2021-02-08,35.0998271,"Observed"
"1980",2021-02-15,29.9531595,"Observed"
"1981",2020-04-20,5.4511707405925,"Observed"
"1982",2020-04-27,7.6303000940624,"Observed"
"1983",2020-05-04,9.9567131519143,"Observed"
"1984",2020-05-11,9.3257363729142,"Observed"
"1985",2020-05-18,10.160901923898,"Observed"
"1986",2020-05-25,11.024520008684,"Observed"
"1987",2020-06-01,12.8371138,"Observed"
"1988",2020-06-08,9.7659138,"Observed"
"1989",2020-06-15,6.1039053395581,"Observed"
"1990",2020-06-22,5.9315164582929,"Observed"
"1991",2020-06-29,6.3080941,"Observed"
"1992",2020-07-06,6.5491038,"Observed"
"1993",2020-07-13,10.6127951,"Observed"
"1994",2020-07-20,9.9282606,"Observed"
"1995",2020-07-27,12.8823031,"Observed"
"1996",2020-08-03,11.7726543,"Observed"
"1997",2020-08-10,12.7919245,"Observed"
"1998",2020-08-17,11.1667827,"Observed"
"1999",2020-08-24,10.3918696,"Observed"
"2000",2020-08-31,11.6554968,"Observed"
"2001",2020-09-07,11.6772546,"Observed"
"2002",2020-09-14,11.7157492,"Observed"
"2003",2020-09-21,10.9910464,"Observed"
"2004",2020-09-28,9.129916,"Observed"
"2005",2020-10-05,9.9818183,"Observed"
"2006",2020-10-12,11.737507,"Observed"
"2007",2020-10-19,12.1475583,"Observed"
"2008",2020-10-26,12.4069784,"Observed"
"2009",2020-11-02,15.32754732648,"Observed"
"2010",2020-11-09,16.852268402526,"Observed"
"2011",2020-11-16,18.654820102746,"Observed"
"2012",2020-11-23,27.463389831864,"Observed"
"2013",2020-11-30,28.1010613247,"Observed"
"2014",2020-12-07,34.979879790723,"Observed"
"2015",2020-12-14,44.216911205316,"Observed"
"2016",2020-12-21,43.103915030156,"Observed"
"2017",2020-12-28,42.322307189857,"Observed"
"2018",2021-01-04,52.407893583105,"Observed"
"2019",2021-01-11,60.063298854051,"Observed"
"2020",2021-01-18,72.23596228553,"Observed"
"2021",2021-01-25,53.6213105,"Observed"
"2022",2021-02-01,48.6521591,"Observed"
"2023",2021-02-08,38.8075824,"Observed"
"2024",2021-02-15,34.681965,"Observed"
"2025",2020-04-20,1.4881214710058,"Observed"
"2026",2020-04-27,0.93866123555749,"Observed"
"2027",2020-05-04,1.0989204708966,"Observed"
"2028",2020-05-11,0.54946023544829,"Observed"
"2029",2020-05-18,0.32051847067817,"Observed"
"2030",2020-05-25,0.50367188249427,"Observed"
"2031",2020-06-01,0.48077770601725,"Observed"
"2032",2020-06-08,2.1062642358851,"Observed"
"2033",2020-06-15,1.2133913532816,"Observed"
"2034",2020-06-22,0.80129617669542,"Observed"
"2035",2020-06-29,1.0302379414655,"Observed"
"2036",2020-07-06,0.98444958851152,"Observed"
"2037",2020-07-13,1.1447088238506,"Observed"
"2038",2020-07-20,1.3507564121437,"Observed"
"2039",2020-07-27,1.0302379,"Observed"
"2040",2020-08-03,0.5036719,"Observed"
"2041",2020-08-10,0.8012962,"Observed"
"2042",2020-08-17,1.4881215,"Observed"
"2043",2020-08-24,0.8928729,"Observed"
"2044",2020-08-31,1.3278622,"Observed"
"2045",2020-09-07,0.61814276487933,"Observed"
"2046",2020-09-14,1.0302379,"Observed"
"2047",2020-09-21,0.5265661,"Observed"
"2048",2020-09-28,0.59524858840231,"Observed"
"2049",2020-10-05,1.6483807063449,"Observed"
"2050",2020-10-12,1.3507564,"Observed"
"2051",2020-10-19,1.6025923533908,"Observed"
"2052",2020-10-26,3.1365022,"Observed"
"2053",2020-11-02,3.1136080008736,"Observed"
"2054",2020-11-09,4.4872585894944,"Observed"
"2055",2020-11-16,13.576246650868,"Observed"
"2056",2020-11-23,16.140394416294,"Observed"
"2057",2020-11-30,10.508427002949,"Observed"
"2058",2020-12-07,20.787912241127,"Observed"
"2059",2020-12-14,17.788775122638,"Observed"
"2060",2020-12-21,15.47646329846,"Observed"
"2061",2020-12-28,13.438881592006,"Observed"
"2062",2021-01-04,17.23931488719,"Observed"
"2063",2021-01-11,27.5874826548,"Observed"
"2064",2021-01-18,26.145149536748,"Observed"
"2065",2021-01-25,21.634996770776,"Observed"
"2066",2021-02-01,21.016854,"Observed"
"2067",2021-02-08,22.0470919,"Observed"
"2068",2021-02-15,18.681648,"Observed"
"2069",2020-04-20,2.9040835786249,"Observed"
"2070",2020-04-27,3.0053888197397,"Observed"
"2071",2020-05-04,3.3261887499367,"Observed"
"2072",2020-05-11,3.1160741757726,"Observed"
"2073",2020-05-18,2.7915221996084,"Observed"
"2074",2020-05-25,2.731489464133,"Observed"
"2075",2020-06-01,3.5869559446581,"Observed"
"2076",2020-06-08,3.8702354151829,"Observed"
"2077",2020-06-15,3.975292702265,"Observed"
"2078",2020-06-22,5.0821462625936,"Observed"
"2079",2020-06-29,6.3522138,"Observed"
"2080",2020-07-06,8.8773408,"Observed"
"2081",2020-07-13,8.9523816777765,"Observed"
"2082",2020-07-20,11.229873579876,"Observed"
"2083",2020-07-27,10.4644562,"Observed"
"2084",2020-08-03,10.119268,"Observed"
"2085",2020-08-10,9.2525454,"Observed"
"2086",2020-08-17,7.6429176,"Observed"
"2087",2020-08-24,6.8474839,"Observed"
"2088",2020-08-31,6.123339,"Observed"
"2089",2020-09-07,5.4592269,"Observed"
"2090",2020-09-14,4.8645276,"Observed"
"2091",2020-09-21,4.5212154,"Observed"
"2092",2020-09-28,7.671058,"Observed"
"2093",2020-10-05,6.8268476,"Observed"
"2094",2020-10-12,5.1571872,"Observed"
"2095",2020-10-19,10.5732655,"Observed"
"2096",2020-10-26,9.0780752,"Observed"
"2097",2020-11-02,10.978486500073,"Observed"
"2098",2020-11-09,17.293179862897,"Observed"
"2099",2020-11-16,24.317009913525,"Observed"
"2100",2020-11-23,30.025747852643,"Observed"
"2101",2020-11-30,32.714088788153,"Observed"
"2102",2020-12-07,36.447374525533,"Observed"
"2103",2020-12-14,36.3798377,"Observed"
"2104",2020-12-21,42.8427369,"Observed"
"2105",2020-12-28,-7.5641246699067,"Observed"
"2106",2021-01-04,63.471485604403,"Observed"
"2107",2021-01-11,28.444260477462,"Observed"
"2108",2021-01-18,34.396881404449,"Observed"
"2109",2021-01-25,22.9062406,"Observed"
"2110",2021-02-01,21.0020773,"Observed"
"2111",2021-02-08,18.5332311,"Observed"
"2112",2021-02-15,9.0668191,"Observed"
"2113",2020-04-20,2.6277670129022,"Observed"
"2114",2020-04-27,3.8839917660356,"Observed"
"2115",2020-05-04,5.2874303574269,"Observed"
"2116",2020-05-11,5.3536765846429,"Observed"
"2117",2020-05-18,5.5622295221748,"Observed"
"2118",2020-05-25,7.1104283878529,"Observed"
"2119",2020-06-01,7.2502815341978,"Observed"
"2120",2020-06-08,6.1216421075545,"Observed"
"2121",2020-06-15,4.6519572889472,"Observed"
"2122",2020-06-22,5.2408126419785,"Observed"
"2123",2020-06-29,7.3435169650945,"Observed"
"2124",2020-07-06,9.8216165757678,"Observed"
"2125",2020-07-13,11.9758457,"Observed"
"2126",2020-07-20,14.9078547,"Observed"
"2127",2020-07-27,15.7003559,"Observed"
"2128",2020-08-03,14.5030166,"Observed"
"2129",2020-08-10,14.0662822,"Observed"
"2130",2020-08-17,12.599051,"Observed"
"2131",2020-08-24,11.428701,"Observed"
"2132",2020-08-31,11.6519753,"Observed"
"2133",2020-09-07,15.1065934,"Observed"
"2134",2020-09-14,20.1094103,"Observed"
"2135",2020-09-21,45.714803906996,"Observed"
"2136",2020-09-28,38.346751302192,"Observed"
"2137",2020-10-05,42.785248525666,"Observed"
"2138",2020-10-12,45.822760721719,"Observed"
"2139",2020-10-19,55.9682477,"Observed"
"2140",2020-10-26,70.6282925,"Observed"
"2141",2020-11-02,80.967611041803,"Observed"
"2142",2020-11-09,101.70513372439,"Observed"
"2143",2020-11-16,118.21761924897,"Observed"
"2144",2020-11-23,110.70971349783,"Observed"
"2145",2020-11-30,78.626911013504,"Observed"
"2146",2020-12-07,77.677381756741,"Observed"
"2147",2020-12-14,68.420084894295,"Observed"
"2148",2020-12-21,56.623349321901,"Observed"
"2149",2020-12-28,38.727053717692,"Observed"
"2150",2021-01-04,43.511503461071,"Observed"
"2151",2021-01-11,59.059738345068,"Observed"
"2152",2021-01-18,42.66993101903,"Observed"
"2153",2021-01-25,32.2496448,"Observed"
"2154",2021-02-01,25.6250221,"Observed"
"2155",2021-02-08,20.7915011,"Observed"
"2156",2021-02-15,15.322507,"Observed"
"2157",2020-04-20,2.192103342288,"Observed"
"2158",2020-04-27,1.355118429778,"Observed"
"2159",2020-05-04,1.1478650228708,"Observed"
"2160",2020-05-11,1.1638075926329,"Observed"
"2161",2020-05-18,0.91669776132044,"Observed"
"2162",2020-05-25,2.2319597666932,"Observed"
"2163",2020-06-01,1.9768786504997,"Observed"
"2164",2020-06-08,1.1319224531087,"Observed"
"2165",2020-06-15,1.1159798833466,"Observed"
"2166",2020-06-22,2.0486202144292,"Observed"
"2167",2020-06-29,2.3993567,"Observed"
"2168",2020-07-06,4.041441434691,"Observed"
"2169",2020-07-13,7.6524335,"Observed"
"2170",2020-07-20,6.0900616491201,"Observed"
"2171",2020-07-27,7.7560602,"Observed"
"2172",2020-08-03,7.3335820905635,"Observed"
"2173",2020-08-10,6.2255735,"Observed"
"2174",2020-08-17,6.9987881,"Observed"
"2175",2020-08-24,5.4204737,"Observed"
"2176",2020-08-31,7.4770652,"Observed"
"2177",2020-09-07,10.5619525,"Observed"
"2178",2020-09-14,9.9242497,"Observed"
"2179",2020-09-21,10.7692059,"Observed"
"2180",2020-09-28,10.689493,"Observed"
"2181",2020-10-05,9.8046804,"Observed"
"2182",2020-10-12,12.2678074,"Observed"
"2183",2020-10-19,16.0382252,"Observed"
"2184",2020-10-26,15.360666,"Observed"
"2185",2020-11-02,24.017481346596,"Observed"
"2186",2020-11-09,28.39371674629,"Observed"
"2187",2020-11-16,45.149357566252,"Observed"
"2188",2020-11-23,53.032958313608,"Observed"
"2189",2020-11-30,53.638775964567,"Observed"
"2190",2020-12-07,57.042514608775,"Observed"
"2191",2020-12-14,74.89819274232,"Observed"
"2192",2020-12-21,71.295171976087,"Observed"
"2193",2020-12-28,-16.9150665,"Observed"
"2194",2021-01-04,158.1662346,"Observed"
"2195",2021-01-11,54.093139202787,"Observed"
"2196",2021-01-18,95.384394886612,"Observed"
"2197",2021-01-25,47.755967722354,"Observed"
"2198",2021-02-01,44.8384775,"Observed"
"2199",2021-02-08,29.3183858,"Observed"
"2200",2021-02-15,22.1920571,"Observed"
"2201",2020-04-20,1.0367009411517,"Observed"
"2202",2020-04-27,1.7525182576612,"Observed"
"2203",2020-05-04,1.3822679215356,"Observed"
"2204",2020-05-11,1.6291014789526,"Observed"
"2205",2020-05-18,1.6537848346943,"Observed"
"2206",2020-05-25,6.5657726272939,"Observed"
"2207",2020-06-01,1.6537848346943,"Observed"
"2208",2020-06-08,1.1601177198602,"Observed"
"2209",2020-06-15,2.9866860447465,"Observed"
"2210",2020-06-22,3.7518700727394,"Observed"
"2211",2020-06-29,5.4303383,"Observed"
"2212",2020-07-06,5.553755,"Observed"
"2213",2020-07-13,5.6278051091091,"Observed"
"2214",2020-07-20,7.0100730306446,"Observed"
"2215",2020-07-27,8.2195575,"Observed"
"2216",2020-08-03,8.0961407,"Observed"
"2217",2020-08-10,4.788571,"Observed"
"2218",2020-08-17,7.1334898,"Observed"
"2219",2020-08-24,6.7138728,"Observed"
"2220",2020-08-31,5.899322,"Observed"
"2221",2020-09-07,4.6898376,"Observed"
"2222",2020-09-14,8.8860081,"Observed"
"2223",2020-09-21,13.625212369422,"Observed"
"2224",2020-09-28,19.9935182,"Observed"
"2225",2020-10-05,21.5979363,"Observed"
"2226",2020-10-12,28.9535763,"Observed"
"2227",2020-10-19,37.247183814235,"Observed"
"2228",2020-10-26,38.728185158737,"Observed"
"2229",2020-11-02,80.887356765572,"Observed"
"2230",2020-11-09,95.080286317053,"Observed"
"2231",2020-11-16,127.95851616501,"Observed"
"2232",2020-11-23,153.97477311676,"Observed"
"2233",2020-11-30,95.623320143371,"Observed"
"2234",2020-12-07,90.83474912948,"Observed"
"2235",2020-12-14,68.841879163619,"Observed"
"2236",2020-12-21,57.833102502818,"Observed"
"2237",2020-12-28,39.172485562088,"Observed"
"2238",2021-01-04,38.308568111128,"Observed"
"2239",2021-01-11,52.79769793151,"Observed"
"2240",2021-01-18,57.092601830567,"Observed"
"2241",2021-01-25,33.4212637,"Observed"
"2242",2021-02-01,24.3624721,"Observed"
"2243",2021-02-08,18.1422665,"Observed"
"2244",2021-02-15,9.4784086,"Observed"
"2245",2021-03-15,23.3361291,"Predicted"
"2246",2021-03-15,15.7201539,"Predicted"
"2247",2021-03-15,16.9627352,"Predicted"
"2248",2021-03-15,18.4457362,"Predicted"
"2249",2021-03-15,11.3422116,"Predicted"
"2250",2021-03-15,32.2467217,"Predicted"
"2251",2021-03-15,18.3686218,"Predicted"
"2252",2021-03-15,19.3381805,"Predicted"
"2253",2021-03-15,14.557159,"Predicted"
"2254",2021-03-15,22.6078324,"Predicted"
"2255",2021-03-15,17.1615041,"Predicted"
"2256",2021-03-15,21.1852045,"Predicted"
"2257",2021-03-15,20.403086,"Predicted"
"2258",2021-03-15,29.2182449,"Predicted"
"2259",2021-03-15,15.2624071,"Predicted"
"2260",2021-03-15,18.804743,"Predicted"
"2261",2021-03-15,21.9032244,"Predicted"
"2262",2021-03-15,30.324156,"Predicted"
"2263",2021-03-15,27.8933351,"Predicted"
"2264",2021-03-15,25.2753418,"Predicted"
"2265",2021-03-15,18.3256736,"Predicted"
"2266",2021-03-15,18.3041457,"Predicted"
"2267",2021-03-15,3.3699576,"Predicted"
"2268",2021-03-15,3.6827381,"Predicted"
"2269",2021-03-15,15.6754503,"Predicted"
"2270",2021-03-15,16.9613624,"Predicted"
"2271",2021-03-15,16.7873021,"Predicted"
"2272",2021-03-15,15.0446202,"Predicted"
"2273",2021-03-15,13.6636129,"Predicted"
"2274",2021-03-15,13.7278725,"Predicted"
"2275",2021-03-15,14.2619077,"Predicted"
"2276",2021-03-15,12.4476046,"Predicted"
"2277",2021-03-15,20.271465,"Predicted"
"2278",2021-03-15,11.719594,"Predicted"
"2279",2021-03-15,25.5869858,"Predicted"
"2280",2021-03-15,23.7387881,"Predicted"
"2281",2021-03-15,13.0632959,"Predicted"
"2282",2021-03-15,18.0169616,"Predicted"
"2283",2021-03-15,20.8487396,"Predicted"
"2284",2021-03-15,22.2933734,"Predicted"
"2285",2021-03-15,12.431545,"Predicted"
"2286",2021-03-15,13.5539521,"Predicted"
"2287",2021-03-15,9.7561142,"Predicted"
"2288",2021-03-15,12.413008,"Predicted"
"2289",2021-03-15,10.7569951,"Predicted"
"2290",2021-03-15,13.5706931,"Predicted"
"2291",2021-03-15,13.7268328,"Predicted"
"2292",2021-03-15,14.2891796,"Predicted"
"2293",2021-03-15,8.5726929,"Predicted"
"2294",2021-03-15,7.1924033,"Predicted"
"2295",2021-03-15,13.8865935,"Predicted"
"2296",2021-03-15,19.7762756,"Predicted"
"2297",2021-03-15,17.0822592,"Predicted"
"2298",2021-03-15,15.8792832,"Predicted"
"2299",2021-03-15,27.8138777,"Predicted"
"2300",2021-03-15,23.7030901,"Predicted"
"2301",2021-03-15,15.6717657,"Predicted"
"2302",2021-03-15,10.0666725,"Predicted"
"2303",2021-03-15,12.6949138,"Predicted"
"2304",2021-03-15,14.2088506,"Predicted"
"2305",2021-03-15,27.4953386,"Predicted"
"2306",2021-03-15,20.2038732,"Predicted"
"2307",2021-03-15,34.8643103,"Predicted"
"2308",2021-03-15,37.5502631,"Predicted"
"2309",2021-03-15,15.4178388,"Predicted"
"2310",2021-03-15,15.5336599,"Predicted"
"2311",2021-03-15,11.9474468,"Predicted"
"2312",2021-03-15,12.6524204,"Predicted"
"2313",2021-03-15,35.8340563,"Predicted"
"2314",2021-03-15,38.0018562,"Predicted"
"2315",2021-03-15,17.2480589,"Predicted"
"2316",2021-03-15,16.4939987,"Predicted"
"2317",2021-03-15,20.1344484,"Predicted"
"2318",2021-03-15,18.1849053,"Predicted"
"2319",2021-03-15,12.0477606,"Predicted"
"2320",2021-03-15,9.0027967,"Predicted"
"2321",2021-03-15,20.2468538,"Predicted"
"2322",2021-03-15,20.3841093,"Predicted"
"2323",2021-03-15,32.9578734,"Predicted"
"2324",2021-03-15,27.9144018,"Predicted"
"2325",2021-03-15,45.9781941,"Predicted"
"2326",2021-03-15,34.3691926,"Predicted"
"2327",2021-03-15,15.5184895,"Predicted"
"2328",2021-03-15,18.3605854,"Predicted"
"2329",2021-03-15,15.5090917,"Predicted"
"2330",2021-03-15,19.8831827,"Predicted"
"2331",2021-03-15,15.369178,"Predicted"
"2332",2021-03-15,26.1712049,"Predicted"
"2333",2021-03-15,23.2335278,"Predicted"
"2334",2021-03-15,19.6910164,"Predicted"
"2335",2021-03-15,23.3042989,"Predicted"
"2336",2021-03-15,19.8130056,"Predicted"
"2337",2021-03-15,17.0790557,"Predicted"
"2338",2021-03-15,15.4993575,"Predicted"
"2339",2021-03-15,12.976451,"Predicted"
"2340",2021-03-15,10.7815041,"Predicted"
"2341",2021-03-15,12.4493836,"Predicted"
"2342",2021-03-15,12.255552,"Predicted"
"2343",2021-03-15,15.7672015,"Predicted"
"2344",2021-03-15,15.0099294,"Predicted"
"2345",2021-03-15,18.1916332,"Predicted"
"2346",2021-03-15,13.9707793,"Predicted"
